merchant,description,amount,date,category
Electricity Board,Electricity Board,540.83,2025-08-28,Utilities
Reliance Fresh,Reliance Fresh INV-97180,1296.23,2025-10-07,Groceries
Reliance Fresh,Reliance Fresh,560.43,2026-03-20,Groceries
McDonalds,McDonalds,455.65,2026-06-20,Food & Dining
Myntra,Myntra PAYMENT 28993,1069.07,2026-05-22,Shopping
Cafe Coffee Day,Cafe Coffee Day TXN-91606,1500.17,2025-08-19,Food & Dining
Swiggy,Swiggy,1063.86,2025-12-04,Food & Dining
Reliance Fresh,Reliance Fresh *34771,914.38,2026-02-08,Groceries
Flipkart,Flipkart,3021.79,2026-05-17,Shopping
Swiggy,Swiggy *47500,1016.32,2026-07-03,Food & Dining
Myntra,Myntra INV-29971,1193.87,2025-09-08,Shopping
Flipkart Stationery,Flipkart Stationery,1169.92,2025-12-13,Stationery
Jio Recharge,Jio Recharge,1001.68,2026-02-18,Utilities
H&M,H&M,3282.24,2026-08-10,Shopping
Jio Recharge,Jio Recharge,1951.51,2026-05-16,Utilities
Local Restaurant,Local Restaurant,1162.33,2026-07-09,Food & Dining
Dominos,Dominos TXN-4307,1109.72,2025-09-13,Food & Dining
Uber,Uber TXN-74441,227.91,2025-09-18,Transport
Cafe Coffee Day,Cafe Coffee Day PAYMENT 51956,1800.0,2026-07-17,Food & Dining
BSNL Broadband,BSNL Broadband,1080.89,2025-10-28,Utilities
Metro Card,Metro Card INV-76722,133.3,2025-12-28,Transport
Water Utility,Water Utility TXN-18231,1112.63,2026-02-17,Utilities
BigBasket,BigBasket ORDER-20133,781.01,2025-09-09,Groceries
Playstation Store,Playstation Store,929.03,2026-03-20,Entertainment
Jio Recharge,Jio Recharge *33053,3750.0,2026-04-12,Utilities
Gym Membership,Gym Membership,1967.31,2025-08-21,Health
Amazon Prime,Amazon Prime,333.14,2025-12-30,Subscriptions
Rapido,Rapido ORDER-94746,721.8,2026-04-05,Transport
Dominos,Dominos TXN-66642,707.2,2026-04-29,Food & Dining
MedPlus,MedPlus INV-66640,2393.64,2026-01-15,Health
McDonalds,McDonalds *69614,820.1,2025-11-06,Food & Dining
Water Utility,Water Utility ORDER-14762,1607.63,2026-04-23,Utilities
Netflix,Netflix,454.33,2026-01-20,Subscriptions
Metro Card,Metro Card ORDER-96032,900.0,2025-09-25,Transport
More Supermarket,More Supermarket TXN-16928,1049.5,2026-05-15,Groceries
Indigo Airlines,Indigo Airlines REF#69263,1719.23,2025-11-08,Travel
Rapido,Rapido *99094,203.67,2025-12-02,Transport
Local Restaurant,Local Restaurant PAYMENT 88139,888.67,2026-01-22,Food & Dining
Ola,Ola,900.0,2026-05-07,Transport
Reliance Fresh,Reliance Fresh,1177.17,2025-08-26,Groceries
Swiggy,Swiggy,817.76,2025-09-21,Food & Dining
Reliance Fresh,Reliance Fresh REF#9387,1046.65,2025-09-01,Groceries
Local Restaurant,Local Restaurant,1424.66,2026-04-21,Food & Dining
IRCTC,IRCTC,4294.07,2026-06-04,Travel
Uber,Uber,259.72,2026-03-12,Transport
Rapido,Rapido PAYMENT 61313,142.34,2026-03-20,Transport
Whole Foods,Whole Foods,1087.86,2026-07-16,Groceries
Nykaa,Nykaa,2436.4,2025-10-10,Shopping
IndianOil Petrol,IndianOil Petrol TXN-36609,337.94,2026-03-20,Transport
YouTube Premium,YouTube Premium,474.76,2025-09-23,Subscriptions
H&M,H&M ORDER-12324,1973.79,2026-05-19,Shopping
Apollo Pharmacy,Apollo Pharmacy PAYMENT 63753,291.35,2025-11-09,Health
Practo,Practo,1168.8,2025-09-15,Health
McDonalds,McDonalds REF#55544,1068.62,2026-04-05,Food & Dining
Myntra,Myntra INV-94263,2946.37,2026-05-27,Shopping
Swiggy,Swiggy ORDER-76014,294.4,2025-12-05,Food & Dining
Whole Foods,Whole Foods ORDER-6672,2154.72,2026-01-23,Groceries
Uber,Uber TXN-7555,689.99,2026-05-14,Transport
Reliance Fresh,Reliance Fresh,1701.03,2025-11-19,Groceries
Gym Membership,Gym Membership,528.29,2026-03-10,Health
Gas Cylinder,Gas Cylinder ORDER-55048,1807.39,2026-06-29,Utilities
IndianOil Petrol,IndianOil Petrol REF#26872,509.31,2026-01-24,Transport
McDonalds,McDonalds PAYMENT 17254,935.44,2025-12-29,Food & Dining
Cafe Coffee Day,Cafe Coffee Day ORDER-1320,741.73,2026-01-24,Food & Dining
Classmate,Classmate,302.04,2025-10-06,Stationery
Zomato,Zomato,824.03,2026-02-10,Food & Dining
Cafe Coffee Day,Cafe Coffee Day INV-39751,1800.0,2026-05-21,Food & Dining
WH Smith,WH Smith *1125,931.7,2026-07-16,Stationery
Uber,Uber,108.92,2026-07-21,Transport
Amazon Prime,Amazon Prime,1048.1,2026-05-26,Subscriptions
Local Restaurant,Local Restaurant TXN-90211,418.09,2026-02-07,Food & Dining
Zomato,Zomato,263.71,2026-04-23,Food & Dining
Metro Card,Metro Card,341.47,2026-01-04,Transport
BigBasket,BigBasket TXN-97254,914.82,2025-12-28,Groceries
H&M,H&M,1181.9,2026-05-30,Shopping
Amazon Prime,Amazon Prime *4822,372.79,2025-10-31,Subscriptions
Water Utility,Water Utility,742.02,2025-10-30,Utilities
Zomato,Zomato REF#27635,259.19,2025-09-05,Food & Dining
Myntra,Myntra *53364,3651.67,2026-02-13,Shopping
Steam,Steam TXN-23306,637.33,2025-12-15,Entertainment
More Supermarket,More Supermarket PAYMENT 87906,1309.38,2026-02-02,Groceries
BookMyShow,BookMyShow,1519.72,2025-12-30,Entertainment
Apollo Pharmacy,Apollo Pharmacy TXN-26258,865.96,2026-04-13,Health
Rapido,Rapido,259.52,2026-01-19,Transport
Dominos,Dominos REF#9199,799.97,2026-01-31,Food & Dining
Local Restaurant,Local Restaurant *52486,405.18,2026-07-10,Food & Dining
Apollo Pharmacy,Apollo Pharmacy ORDER-15218,987.56,2026-02-01,Health
Zomato,Zomato,1275.25,2026-06-09,Food & Dining
IndianOil Petrol,IndianOil Petrol PAYMENT 79557,288.42,2026-01-23,Transport
More Supermarket,More Supermarket,1534.06,2026-06-07,Groceries
Metro Card,Metro Card *90127,321.76,2026-05-09,Transport
Nykaa,Nykaa TXN-47839,4774.68,2026-07-25,Shopping
OYO,OYO *41245,6911.21,2026-02-01,Travel
DMart,DMart *40638,1614.32,2026-01-16,Groceries
Cafe Coffee Day,Cafe Coffee Day,189.78,2026-08-07,Food & Dining
Ola,Ola INV-98159,900.0,2026-02-26,Transport
Water Utility,Water Utility PAYMENT 71919,494.14,2026-01-17,Utilities
Local Restaurant,Local Restaurant PAYMENT 76119,382.81,2025-12-01,Food & Dining
Dominos,Dominos,1034.51,2026-03-30,Food & Dining
Uber,Uber,330.69,2025-11-10,Transport
Nykaa,Nykaa REF#12340,3646.66,2026-06-29,Shopping
PVR Cinemas,PVR Cinemas REF#29544,1132.5,2026-07-26,Entertainment
Local Restaurant,Local Restaurant TXN-62377,1000.49,2025-09-08,Food & Dining
PVR Cinemas,PVR Cinemas PAYMENT 82644,837.84,2026-04-06,Entertainment
H&M,H&M,7500.0,2026-02-28,Shopping
H&M,H&M,3875.06,2025-08-18,Shopping
Playstation Store,Playstation Store,967.04,2026-08-07,Entertainment
Dominos,Dominos PAYMENT 17577,609.51,2025-10-17,Food & Dining
Myntra,Myntra *41688,4630.01,2026-05-29,Shopping
YouTube Premium,YouTube Premium INV-66262,214.31,2026-06-25,Subscriptions
Spotify,Spotify TXN-97572,569.18,2026-04-01,Subscriptions
IndianOil Petrol,IndianOil Petrol INV-36447,299.03,2025-12-20,Transport
Metro Card,Metro Card TXN-36092,518.75,2026-07-02,Transport
Myntra,Myntra,848.71,2025-12-14,Shopping
Metro Card,Metro Card,212.29,2025-10-25,Transport
Dominos,Dominos ORDER-54477,1262.66,2025-12-03,Food & Dining
Uber,Uber ORDER-27210,522.39,2026-03-16,Transport
Swiggy,Swiggy INV-2660,282.27,2026-06-11,Food & Dining
PVR Cinemas,PVR Cinemas PAYMENT 872,1078.08,2026-02-26,Entertainment
Swiggy,Swiggy PAYMENT 70645,634.58,2026-03-03,Food & Dining
Metro Card,Metro Card,88.03,2026-06-20,Transport
IndianOil Petrol,IndianOil Petrol PAYMENT 44157,307.73,2025-08-30,Transport
Steam,Steam PAYMENT 16828,643.47,2025-11-08,Entertainment
Metro Card,Metro Card *74075,384.31,2026-03-05,Transport
More Supermarket,More Supermarket,965.43,2026-03-23,Groceries
Dominos,Dominos,462.76,2026-01-30,Food & Dining
PVR Cinemas,PVR Cinemas REF#98667,565.04,2026-02-26,Entertainment
IndianOil Petrol,IndianOil Petrol PAYMENT 2640,370.52,2025-09-26,Transport
Whole Foods,Whole Foods,940.06,2026-02-11,Groceries
Hostel Rent,Hostel Rent,16068.75,2025-09-05,Rent
Whole Foods,Whole Foods TXN-16644,1669.85,2025-11-02,Groceries
Whole Foods,Whole Foods,1489.33,2025-12-05,Groceries
Swiggy,Swiggy *98132,399.2,2026-06-22,Food & Dining
Steam,Steam REF#14268,874.65,2025-11-07,Entertainment
Airbnb,Airbnb,4032.99,2026-06-06,Travel
Flipkart,Flipkart *90620,5868.02,2025-09-23,Shopping
Dominos,Dominos REF#89787,417.8,2026-08-07,Food & Dining
BigBasket,BigBasket ORDER-45608,1011.51,2026-06-01,Groceries
Flipkart,Flipkart,2534.23,2025-09-20,Shopping
MedPlus,MedPlus ORDER-56922,970.55,2026-04-23,Health
Gas Cylinder,Gas Cylinder INV-20152,918.72,2026-04-08,Utilities
Flipkart,Flipkart REF#80828,4293.59,2026-07-15,Shopping
Ola,Ola PAYMENT 57191,310.72,2026-04-20,Transport
BSNL Broadband,BSNL Broadband,1683.65,2026-01-28,Utilities
Rapido,Rapido *80097,356.32,2026-04-10,Transport
Cafe Coffee Day,Cafe Coffee Day REF#23934,401.46,2026-04-26,Food & Dining
Swiggy,Swiggy REF#36755,1800.0,2025-12-26,Food & Dining
Flipkart,Flipkart *1430,2678.19,2026-01-04,Shopping
Local Restaurant,Local Restaurant INV-53371,458.18,2025-12-17,Food & Dining
PVR Cinemas,PVR Cinemas PAYMENT 84759,1772.52,2026-08-04,Entertainment
Rapido,Rapido,452.62,2025-08-24,Transport
Flipkart,Flipkart,1079.5,2026-01-19,Shopping
Rapido,Rapido PAYMENT 97871,550.62,2026-02-08,Transport
Zomato,Zomato,502.09,2026-04-05,Food & Dining
Whole Foods,Whole Foods REF#15770,841.57,2025-11-22,Groceries
Airbnb,Airbnb,9798.07,2026-08-04,Travel
Uber,Uber,193.89,2026-06-13,Transport
Whole Foods,Whole Foods,1745.69,2025-11-23,Groceries
Dominos,Dominos,658.56,2026-08-13,Food & Dining
Local Bookstore,Local Bookstore REF#91511,452.09,2026-05-26,Stationery
Gas Cylinder,Gas Cylinder ORDER-1707,2048.76,2026-04-24,Utilities
IndianOil Petrol,IndianOil Petrol REF#24264,394.7,2026-03-29,Transport
McDonalds,McDonalds ORDER-8664,779.11,2026-04-17,Food & Dining
Whole Foods,Whole Foods,1606.29,2026-07-04,Groceries
BookMyShow,BookMyShow,1438.79,2026-01-18,Entertainment
Playstation Store,Playstation Store,1115.79,2026-06-22,Entertainment
Ola,Ola PAYMENT 39074,246.06,2026-04-03,Transport
Amazon Stationery,Amazon Stationery,328.92,2026-01-19,Stationery
Hostel Rent,Hostel Rent,28468.74,2025-10-05,Rent
Amazon,Amazon TXN-22882,2482.52,2025-11-04,Shopping
Swiggy,Swiggy PAYMENT 90457,810.38,2026-03-13,Food & Dining
Swiggy,Swiggy,645.97,2025-12-12,Food & Dining
Gym Membership,Gym Membership INV-30695,693.08,2025-09-21,Health
Steam,Steam *86762,365.51,2026-07-02,Entertainment
Local Restaurant,Local Restaurant *29566,690.37,2025-10-13,Food & Dining
Amazon Prime,Amazon Prime,698.32,2025-10-27,Subscriptions
Local Restaurant,Local Restaurant,353.7,2026-06-03,Food & Dining
Amazon,Amazon PAYMENT 35783,2995.2,2026-08-09,Shopping
Rapido,Rapido *5324,574.97,2025-09-26,Transport
Myntra,Myntra,4709.48,2026-06-21,Shopping
Flipkart Stationery,Flipkart Stationery *2819,810.54,2026-06-06,Stationery
Amazon,Amazon *5373,2349.03,2025-12-31,Shopping
McDonalds,McDonalds INV-58063,859.14,2026-05-08,Food & Dining
Local Restaurant,Local Restaurant PAYMENT 83302,461.35,2026-06-11,Food & Dining
Classmate,Classmate,1256.0,2026-04-13,Stationery
Myntra,Myntra REF#54055,3389.76,2025-11-06,Shopping
Swiggy,Swiggy *4909,582.72,2026-03-09,Food & Dining
McDonalds,McDonalds ORDER-53076,655.76,2026-01-28,Food & Dining
Practo,Practo INV-71218,1534.92,2025-08-16,Health
DMart,DMart REF#81709,858.04,2026-05-08,Groceries
Jio Recharge,Jio Recharge TXN-35103,1165.67,2025-09-11,Utilities
Airbnb,Airbnb,19276.97,2026-03-28,Travel
Local Bookstore,Local Bookstore,977.51,2026-06-23,Stationery
Ola,Ola,184.38,2026-05-25,Transport
Cult.fit,Cult.fit PAYMENT 15496,1849.44,2025-10-13,Health
Swiggy,Swiggy,234.46,2026-01-12,Food & Dining
Practo,Practo TXN-59971,375.05,2026-04-14,Health
Swiggy,Swiggy *97918,266.48,2026-06-18,Food & Dining
Practo,Practo PAYMENT 44648,895.68,2026-01-04,Health
Rapido,Rapido,469.03,2025-08-17,Transport
Water Utility,Water Utility PAYMENT 19576,2438.8,2026-07-19,Utilities
Rapido,Rapido,111.42,2026-02-02,Transport
MakeMyTrip,MakeMyTrip INV-31400,3289.66,2025-11-20,Travel
Local Restaurant,Local Restaurant ORDER-41804,743.8,2026-03-14,Food & Dining
Myntra,Myntra PAYMENT 87091,2827.89,2026-02-27,Shopping
Flipkart,Flipkart,5432.59,2025-11-01,Shopping
Local Bookstore,Local Bookstore,623.81,2026-02-01,Stationery
iCloud,iCloud INV-18994,1174.91,2025-08-23,Subscriptions
Flipkart,Flipkart ORDER-61637,4135.12,2025-11-03,Shopping
Local Restaurant,Local Restaurant INV-52198,1727.3,2026-07-01,Food & Dining
Practo,Practo *49908,1006.54,2026-07-27,Health
Jio Recharge,Jio Recharge *4805,3161.74,2026-04-22,Utilities
Local Restaurant,Local Restaurant REF#29917,189.43,2026-08-01,Food & Dining
Metro Card,Metro Card INV-92360,395.1,2025-10-05,Transport
IndianOil Petrol,IndianOil Petrol,204.42,2026-08-06,Transport
BookMyShow,BookMyShow REF#49231,1992.8,2026-01-13,Entertainment
Swiggy,Swiggy *89464,1161.31,2026-03-14,Food & Dining
Swiggy,Swiggy *50240,487.87,2025-09-25,Food & Dining
McDonalds,McDonalds TXN-30533,667.53,2026-06-10,Food & Dining
Cafe Coffee Day,Cafe Coffee Day INV-1331,445.01,2025-12-24,Food & Dining
Uber,Uber,249.16,2026-01-10,Transport
Metro Card,Metro Card *39310,278.92,2026-02-08,Transport
IndianOil Petrol,IndianOil Petrol,380.74,2025-12-22,Transport
Zomato,Zomato,359.87,2026-04-20,Food & Dining
Local Restaurant,Local Restaurant,1087.67,2026-01-14,Food & Dining
Practo,Practo REF#1161,1466.27,2026-03-06,Health
Nykaa,Nykaa *97771,1752.36,2025-09-10,Shopping
Amazon Prime,Amazon Prime TXN-79669,822.93,2026-01-09,Subscriptions
Dominos,Dominos *32950,725.7,2025-11-21,Food & Dining
Amazon,Amazon INV-18027,6940.03,2026-07-19,Shopping
Amazon Prime,Amazon Prime ORDER-40592,485.27,2026-07-12,Subscriptions
More Supermarket,More Supermarket,856.75,2026-02-18,Groceries
Swiggy,Swiggy,466.04,2026-03-16,Food & Dining
IndianOil Petrol,IndianOil Petrol *65871,435.16,2026-02-19,Transport
MedPlus,MedPlus PAYMENT 38784,1516.04,2025-12-25,Health
Local Restaurant,Local Restaurant,631.17,2025-10-13,Food & Dining
Local Bookstore,Local Bookstore INV-88495,1170.85,2026-07-28,Stationery
Classmate,Classmate REF#11936,490.66,2026-05-28,Stationery
DMart,DMart,585.57,2026-05-17,Groceries
Steam,Steam *50041,518.75,2025-12-28,Entertainment
Indigo Airlines,Indigo Airlines INV-30747,5136.14,2025-10-10,Travel
BSNL Broadband,BSNL Broadband,1161.29,2026-05-30,Utilities
BigBasket,BigBasket INV-39708,3750.0,2026-04-10,Groceries
Reliance Fresh,Reliance Fresh ORDER-39993,1670.23,2025-09-08,Groceries
Reliance Fresh,Reliance Fresh,1860.6,2025-12-14,Groceries
Swiggy,Swiggy *55035,475.4,2026-08-07,Food & Dining
H&M,H&M INV-13078,7500.0,2026-03-16,Shopping
BSNL Broadband,BSNL Broadband,659.23,2026-01-06,Utilities
IndianOil Petrol,IndianOil Petrol REF#13122,416.93,2025-12-14,Transport
Swiggy,Swiggy,323.68,2026-07-12,Food & Dining
Zomato,Zomato PAYMENT 12115,386.21,2025-10-17,Food & Dining
BSNL Broadband,BSNL Broadband ORDER-6729,1644.6,2026-06-17,Utilities
Zomato,Zomato,354.77,2025-10-19,Food & Dining
BookMyShow,BookMyShow *28405,469.2,2025-11-30,Entertainment
Dominos,Dominos,1005.71,2025-10-30,Food & Dining
Amazon Stationery,Amazon Stationery *32953,563.28,2025-10-21,Stationery
Reliance Fresh,Reliance Fresh,990.87,2025-08-29,Groceries
PVR Cinemas,PVR Cinemas,2250.0,2026-06-13,Entertainment
BigBasket,BigBasket *14996,1316.69,2026-03-19,Groceries
Metro Card,Metro Card,438.75,2026-02-17,Transport
IndianOil Petrol,IndianOil Petrol ORDER-95421,323.13,2026-06-26,Transport
Apollo Pharmacy,Apollo Pharmacy REF#60136,1638.05,2026-05-09,Health
DMart,DMart PAYMENT 55972,1001.14,2026-04-18,Groceries
Rapido,Rapido,211.11,2026-03-31,Transport
Cafe Coffee Day,Cafe Coffee Day REF#81930,354.34,2025-10-19,Food & Dining
Metro Card,Metro Card PAYMENT 78401,778.13,2026-01-29,Transport
Metro Card,Metro Card PAYMENT 13099,487.09,2026-06-21,Transport
DMart,DMart INV-72364,1670.87,2026-07-17,Groceries
Dominos,Dominos,911.65,2026-04-04,Food & Dining
Metro Card,Metro Card,122.73,2026-03-16,Transport
Zomato,Zomato REF#20106,319.95,2025-12-24,Food & Dining
Uber,Uber ORDER-12319,282.17,2025-10-01,Transport
Amazon,Amazon,1945.63,2026-02-22,Shopping
PG Rent,PG Rent,11241.41,2026-05-30,Rent
McDonalds,McDonalds,983.32,2026-07-22,Food & Dining
McDonalds,McDonalds REF#13679,1288.53,2026-01-22,Food & Dining
McDonalds,McDonalds PAYMENT 29492,490.9,2026-07-18,Food & Dining
Local Restaurant,Local Restaurant REF#15158,979.33,2026-05-27,Food & Dining
Electricity Board,Electricity Board *81590,3750.0,2026-03-23,Utilities
Electricity Board,Electricity Board *86323,966.2,2025-08-29,Utilities
Zomato,Zomato REF#92204,601.28,2025-11-16,Food & Dining
Amazon Prime,Amazon Prime ORDER-23877,971.29,2026-02-11,Subscriptions
IndianOil Petrol,IndianOil Petrol ORDER-18695,562.21,2026-03-09,Transport
Classmate,Classmate,1215.54,2025-10-01,Stationery
Metro Card,Metro Card,464.87,2026-02-06,Transport
Cafe Coffee Day,Cafe Coffee Day *11235,1011.28,2026-06-02,Food & Dining
Swiggy,Swiggy,581.41,2026-06-28,Food & Dining
Metro Card,Metro Card PAYMENT 79670,397.61,2026-03-21,Transport
Dominos,Dominos ORDER-45342,549.08,2026-05-05,Food & Dining
McDonalds,McDonalds *63883,771.87,2026-07-29,Food & Dining
Local Restaurant,Local Restaurant,456.11,2025-12-06,Food & Dining
Zomato,Zomato,743.34,2025-12-02,Food & Dining
More Supermarket,More Supermarket,1402.8,2026-04-27,Groceries
Zomato,Zomato TXN-65670,837.51,2026-08-11,Food & Dining
Myntra,Myntra ORDER-52144,987.28,2026-02-13,Shopping
Whole Foods,Whole Foods PAYMENT 10305,2882.51,2025-08-25,Groceries
Gas Cylinder,Gas Cylinder PAYMENT 93095,515.8,2026-06-05,Utilities
McDonalds,McDonalds,892.36,2026-03-11,Food & Dining
IRCTC,IRCTC,16191.49,2026-04-08,Travel
Apollo Pharmacy,Apollo Pharmacy PAYMENT 77284,1015.04,2025-12-18,Health
DMart,DMart,1206.58,2026-01-21,Groceries
Playstation Store,Playstation Store,941.32,2025-09-24,Entertainment
Uber,Uber REF#95439,148.18,2026-02-10,Transport
Gas Cylinder,Gas Cylinder,1551.51,2025-10-30,Utilities
Dominos,Dominos TXN-99742,1800.0,2026-06-20,Food & Dining
BigBasket,BigBasket PAYMENT 60911,2698.77,2026-07-03,Groceries
BookMyShow,BookMyShow INV-74089,697.01,2026-04-02,Entertainment
Classmate,Classmate,451.6,2026-01-28,Stationery
DMart,DMart INV-39791,792.6,2026-03-30,Groceries
Electricity Board,Electricity Board,2123.86,2026-02-12,Utilities
IndianOil Petrol,IndianOil Petrol,900.0,2025-09-14,Transport
Gym Membership,Gym Membership *77967,1251.11,2025-10-01,Health
Uber,Uber INV-5476,367.32,2026-05-26,Transport
BookMyShow,BookMyShow TXN-42243,1794.61,2026-07-15,Entertainment
Ola,Ola PAYMENT 13666,278.22,2025-09-16,Transport
Gym Membership,Gym Membership ORDER-66232,1358.21,2026-08-16,Health
Reliance Fresh,Reliance Fresh PAYMENT 57695,1166.5,2026-08-13,Groceries
Jio Recharge,Jio Recharge,1434.36,2026-02-18,Utilities
Playstation Store,Playstation Store *6963,669.9,2026-07-29,Entertainment
H&M,H&M REF#12487,3717.3,2025-09-18,Shopping
Zomato,Zomato INV-86157,1042.33,2025-12-23,Food & Dining
Electricity Board,Electricity Board REF#10782,2476.97,2025-10-31,Utilities
Reliance Fresh,Reliance Fresh REF#86090,574.86,2026-02-11,Groceries
Cafe Coffee Day,Cafe Coffee Day,763.41,2026-06-16,Food & Dining
Cafe Coffee Day,Cafe Coffee Day TXN-87933,1393.53,2026-01-31,Food & Dining
IRCTC,IRCTC *12349,7419.17,2026-08-01,Travel
Ola,Ola,302.86,2026-02-17,Transport
Monthly Rent,Monthly Rent,31770.34,2026-02-06,Rent
BigBasket,BigBasket REF#13356,1414.28,2025-09-24,Groceries
Metro Card,Metro Card,257.54,2026-05-12,Transport
Steam,Steam,1484.97,2025-10-22,Entertainment
McDonalds,McDonalds *21797,272.69,2026-08-05,Food & Dining
DMart,DMart,1078.96,2026-02-18,Groceries
Rapido,Rapido,507.88,2026-01-08,Transport
McDonalds,McDonalds TXN-48313,1800.0,2026-04-13,Food & Dining
Gas Cylinder,Gas Cylinder PAYMENT 37032,2989.39,2026-03-29,Utilities
Rapido,Rapido TXN-26274,587.28,2026-03-18,Transport
DMart,DMart ORDER-84140,882.04,2025-12-22,Groceries
Zomato,Zomato INV-67721,828.67,2025-10-07,Food & Dining
Cafe Coffee Day,Cafe Coffee Day REF#58993,470.96,2025-11-06,Food & Dining
Dominos,Dominos ORDER-29202,584.06,2026-03-27,Food & Dining
Spotify,Spotify,553.52,2025-08-29,Subscriptions
Dominos,Dominos,215.51,2026-03-01,Food & Dining
Dominos,Dominos,1127.38,2025-10-05,Food & Dining
More Supermarket,More Supermarket REF#62025,698.13,2025-09-04,Groceries
DMart,DMart PAYMENT 58899,656.1,2026-08-12,Groceries
iCloud,iCloud REF#28366,206.71,2025-08-25,Subscriptions
Rapido,Rapido,465.47,2026-06-23,Transport
Zomato,Zomato,544.84,2026-01-17,Food & Dining
Electricity Board,Electricity Board,2188.17,2026-06-30,Utilities
Amazon Prime,Amazon Prime *2254,325.8,2026-06-17,Subscriptions
Electricity Board,Electricity Board,1894.66,2025-10-28,Utilities
Zomato,Zomato PAYMENT 24651,405.93,2026-06-04,Food & Dining
Whole Foods,Whole Foods ORDER-69051,1949.93,2026-02-16,Groceries
Playstation Store,Playstation Store,772.08,2026-05-02,Entertainment
Rapido,Rapido,900.0,2026-07-07,Transport
BigBasket,BigBasket REF#31704,2748.28,2025-09-19,Groceries
Gas Cylinder,Gas Cylinder,2538.25,2026-06-09,Utilities
BigBasket,BigBasket,420.25,2026-05-22,Groceries
Steam,Steam INV-62822,939.38,2026-04-10,Entertainment
Playstation Store,Playstation Store,973.05,2025-09-17,Entertainment
Cafe Coffee Day,Cafe Coffee Day ORDER-41465,1020.23,2025-11-26,Food & Dining
Ola,Ola,524.61,2026-05-21,Transport
Gas Cylinder,Gas Cylinder REF#6365,989.24,2026-01-09,Utilities
Swiggy,Swiggy REF#57372,1396.87,2025-10-18,Food & Dining
Myntra,Myntra REF#24586,1517.35,2026-03-01,Shopping
Metro Card,Metro Card REF#10928,463.87,2026-05-08,Transport
DMart,DMart,1802.26,2026-06-20,Groceries
BigBasket,BigBasket,1130.56,2026-01-30,Groceries
Jio Recharge,Jio Recharge TXN-90508,973.31,2026-03-22,Utilities
Ola,Ola,319.65,2026-02-12,Transport
Local Bookstore,Local Bookstore ORDER-88073,862.18,2025-09-14,Stationery
McDonalds,McDonalds,896.26,2026-07-29,Food & Dining
Water Utility,Water Utility,1812.29,2026-03-28,Utilities
Playstation Store,Playstation Store REF#50281,1205.28,2026-02-19,Entertainment
BigBasket,BigBasket INV-59072,598.88,2025-11-02,Groceries
Local Restaurant,Local Restaurant *18147,431.93,2025-09-24,Food & Dining
IndianOil Petrol,IndianOil Petrol REF#32817,405.06,2026-07-14,Transport
DMart,DMart,1640.75,2025-11-19,Groceries
Ola,Ola REF#92379,211.5,2025-12-28,Transport
Amazon Stationery,Amazon Stationery,1366.53,2026-01-09,Stationery
More Supermarket,More Supermarket PAYMENT 22730,711.3,2025-09-22,Groceries
Rapido,Rapido INV-41989,900.0,2025-09-29,Transport
Flipkart,Flipkart *38158,5831.08,2026-05-24,Shopping
Apollo Pharmacy,Apollo Pharmacy INV-91879,1260.04,2026-08-15,Health
PVR Cinemas,PVR Cinemas TXN-16007,948.59,2026-05-03,Entertainment
PVR Cinemas,PVR Cinemas,1589.3,2025-12-15,Entertainment
Gas Cylinder,Gas Cylinder *17109,2985.15,2026-04-12,Utilities
More Supermarket,More Supermarket PAYMENT 94069,958.67,2026-01-21,Groceries
Uber,Uber,184.98,2026-03-13,Transport
Local Restaurant,Local Restaurant PAYMENT 61157,740.97,2025-09-22,Food & Dining
Zomato,Zomato,877.4,2026-05-25,Food & Dining
WH Smith,WH Smith *7363,484.44,2026-03-25,Stationery
Metro Card,Metro Card,274.75,2026-01-18,Transport
H&M,H&M *37330,2200.2,2026-02-09,Shopping
Cafe Coffee Day,Cafe Coffee Day,562.08,2026-07-07,Food & Dining
Swiggy,Swiggy ORDER-65973,805.55,2026-05-16,Food & Dining
Electricity Board,Electricity Board TXN-22539,2652.37,2026-06-09,Utilities
Flipkart,Flipkart,3263.21,2026-06-21,Shopping
Practo,Practo ORDER-84176,1412.14,2025-09-26,Health
Cafe Coffee Day,Cafe Coffee Day *54702,1378.18,2025-12-01,Food & Dining
Reliance Fresh,Reliance Fresh *38067,991.12,2026-07-03,Groceries
Zomato,Zomato,291.89,2025-12-19,Food & Dining
More Supermarket,More Supermarket TXN-57719,2445.7,2025-09-15,Groceries
Metro Card,Metro Card,518.45,2026-02-06,Transport
Myntra,Myntra PAYMENT 17239,2460.77,2026-02-08,Shopping
Metro Card,Metro Card REF#31785,370.13,2025-10-09,Transport
Swiggy,Swiggy,105.44,2025-12-20,Food & Dining
OYO,OYO PAYMENT 32641,4473.16,2026-06-27,Travel
Netflix,Netflix,627.9,2026-01-30,Subscriptions
PVR Cinemas,PVR Cinemas *61286,1425.48,2026-04-28,Entertainment
Zomato,Zomato ORDER-51643,842.8,2025-08-27,Food & Dining
WH Smith,WH Smith,2250.0,2025-12-04,Stationery
Swiggy,Swiggy INV-88248,1424.5,2026-06-17,Food & Dining
Uber,Uber PAYMENT 17655,824.89,2025-10-10,Transport
H&M,H&M REF#6030,7500.0,2026-03-10,Shopping
Gas Cylinder,Gas Cylinder,552.11,2025-11-23,Utilities
Swiggy,Swiggy *36763,734.87,2026-04-03,Food & Dining
Water Utility,Water Utility ORDER-16964,912.75,2026-06-24,Utilities
Metro Card,Metro Card *48020,175.83,2026-02-05,Transport
Cafe Coffee Day,Cafe Coffee Day,878.19,2026-05-03,Food & Dining
Reliance Fresh,Reliance Fresh REF#62194,1401.87,2026-08-16,Groceries
Local Restaurant,Local Restaurant TXN-43087,471.08,2026-05-06,Food & Dining
Dominos,Dominos *97004,1192.6,2026-03-05,Food & Dining
BSNL Broadband,BSNL Broadband *69874,2208.58,2026-05-02,Utilities
Uber,Uber,139.34,2026-04-16,Transport
More Supermarket,More Supermarket *40427,3750.0,2026-03-17,Groceries
Nykaa,Nykaa INV-3592,930.82,2026-08-03,Shopping
Swiggy,Swiggy,1579.6,2026-07-17,Food & Dining
Reliance Fresh,Reliance Fresh TXN-68812,1442.77,2026-04-18,Groceries
Electricity Board,Electricity Board,1932.45,2026-02-26,Utilities
Jio Recharge,Jio Recharge,808.33,2026-08-09,Utilities
Local Restaurant,Local Restaurant,659.95,2025-11-01,Food & Dining
Uber,Uber PAYMENT 96547,409.65,2026-06-25,Transport
Myntra,Myntra,3381.01,2026-05-08,Shopping
Amazon,Amazon PAYMENT 41224,7500.0,2026-05-12,Shopping
Metro Card,Metro Card,642.86,2026-05-15,Transport
Playstation Store,Playstation Store,423.93,2026-07-30,Entertainment
Uber,Uber,487.32,2025-12-20,Transport
IRCTC,IRCTC,22500.0,2026-01-15,Travel
Nykaa,Nykaa PAYMENT 45818,1960.03,2026-01-25,Shopping
IRCTC,IRCTC REF#16074,13486.0,2026-01-03,Travel
Uber,Uber,293.7,2026-03-06,Transport
McDonalds,McDonalds ORDER-45498,240.91,2026-08-16,Food & Dining
Myntra,Myntra TXN-26585,3639.14,2026-04-18,Shopping
Dominos,Dominos,478.44,2026-05-30,Food & Dining
Water Utility,Water Utility,1041.13,2026-06-12,Utilities
iCloud,iCloud,583.16,2025-12-09,Subscriptions
Metro Card,Metro Card ORDER-89385,64.61,2026-04-14,Transport
DMart,DMart TXN-53434,631.58,2026-05-24,Groceries
iCloud,iCloud,427.54,2026-04-16,Subscriptions
Flipkart Stationery,Flipkart Stationery,232.22,2026-01-27,Stationery
BookMyShow,BookMyShow *30537,614.87,2026-07-15,Entertainment
Amazon,Amazon TXN-54873,1855.49,2025-09-04,Shopping
Dominos,Dominos,779.0,2025-09-03,Food & Dining
Steam,Steam,1173.7,2026-01-11,Entertainment
Electricity Board,Electricity Board REF#59652,1230.56,2026-02-03,Utilities
IndianOil Petrol,IndianOil Petrol TXN-66188,308.78,2026-04-25,Transport
Cafe Coffee Day,Cafe Coffee Day REF#21398,552.1,2025-10-12,Food & Dining
Amazon,Amazon,3683.56,2025-11-19,Shopping
Local Restaurant,Local Restaurant TXN-23102,1459.66,2026-07-27,Food & Dining
Electricity Board,Electricity Board,2787.47,2026-03-11,Utilities
IndianOil Petrol,IndianOil Petrol TXN-18530,322.43,2025-10-03,Transport
MakeMyTrip,MakeMyTrip,6718.14,2025-08-19,Travel
PVR Cinemas,PVR Cinemas REF#76444,1353.47,2026-01-31,Entertainment
More Supermarket,More Supermarket,484.79,2026-07-16,Groceries
Amazon,Amazon REF#21034,2376.36,2026-04-11,Shopping
Metro Card,Metro Card,484.55,2026-08-11,Transport
Netflix,Netflix,1215.52,2026-01-14,Subscriptions
PG Rent,PG Rent TXN-59734,20773.2,2026-04-17,Rent
Jio Recharge,Jio Recharge INV-72089,1954.03,2026-03-16,Utilities
Playstation Store,Playstation Store,553.55,2026-07-22,Entertainment
BookMyShow,BookMyShow *58656,625.6,2025-09-26,Entertainment
McDonalds,McDonalds ORDER-8194,1009.11,2026-05-31,Food & Dining
YouTube Premium,YouTube Premium,776.12,2025-11-27,Subscriptions
Local Restaurant,Local Restaurant PAYMENT 15335,1500.69,2026-05-09,Food & Dining
Nykaa,Nykaa ORDER-66995,4068.81,2026-04-23,Shopping
BigBasket,BigBasket *54550,799.52,2025-10-22,Groceries
Reliance Fresh,Reliance Fresh INV-40492,1547.42,2026-04-09,Groceries
Uber,Uber INV-28660,321.8,2025-08-17,Transport
DMart,DMart INV-8457,700.41,2026-02-08,Groceries
More Supermarket,More Supermarket,2258.77,2025-09-20,Groceries
Zomato,Zomato INV-95689,351.22,2025-10-24,Food & Dining
IndianOil Petrol,IndianOil Petrol,373.08,2026-02-27,Transport
Myntra,Myntra *17531,3826.09,2026-07-20,Shopping
Zomato,Zomato *51618,873.54,2025-11-15,Food & Dining
Flipkart,Flipkart,2599.11,2025-12-08,Shopping
Dominos,Dominos INV-71461,1431.05,2026-07-26,Food & Dining
Local Restaurant,Local Restaurant,899.98,2025-12-11,Food & Dining
Dominos,Dominos ORDER-86633,412.9,2025-10-12,Food & Dining
Playstation Store,Playstation Store,1040.3,2025-08-24,Entertainment
Gas Cylinder,Gas Cylinder *88183,1862.3,2026-04-01,Utilities
Reliance Fresh,Reliance Fresh,1230.74,2025-09-07,Groceries
Dominos,Dominos TXN-66146,268.89,2025-09-13,Food & Dining
Zomato,Zomato REF#75790,318.25,2026-06-06,Food & Dining
Myntra,Myntra TXN-39652,4161.92,2026-01-27,Shopping
Amazon Stationery,Amazon Stationery,510.8,2026-05-09,Stationery
DMart,DMart INV-23055,3302.69,2026-06-14,Groceries
Rapido,Rapido ORDER-45243,563.15,2026-04-26,Transport
Myntra,Myntra REF#91366,2003.58,2026-05-11,Shopping
Swiggy,Swiggy TXN-98982,1331.73,2026-02-24,Food & Dining
Dominos,Dominos,935.84,2025-12-09,Food & Dining
Rapido,Rapido *54190,313.19,2025-09-14,Transport
Rapido,Rapido,244.28,2025-10-23,Transport
Zomato,Zomato,187.38,2025-09-25,Food & Dining
Myntra,Myntra,3119.2,2025-11-21,Shopping
BSNL Broadband,BSNL Broadband ORDER-24762,982.61,2025-09-05,Utilities
Water Utility,Water Utility *28544,567.85,2026-07-25,Utilities
Practo,Practo,1716.24,2026-02-02,Health
Zomato,Zomato INV-98971,439.64,2025-10-15,Food & Dining
Cafe Coffee Day,Cafe Coffee Day,503.85,2026-06-21,Food & Dining
Local Restaurant,Local Restaurant REF#49994,577.69,2026-01-27,Food & Dining
Nykaa,Nykaa REF#47239,2465.65,2026-01-20,Shopping
Rapido,Rapido INV-61637,211.69,2025-10-05,Transport
Cafe Coffee Day,Cafe Coffee Day REF#41115,348.37,2025-11-28,Food & Dining
Uber,Uber,244.47,2025-12-07,Transport
Rapido,Rapido *94473,211.32,2026-06-11,Transport
Swiggy,Swiggy TXN-49886,594.91,2026-01-31,Food & Dining
McDonalds,McDonalds,922.66,2026-05-24,Food & Dining
Steam,Steam INV-84208,1236.32,2026-04-23,Entertainment
Ola,Ola TXN-18444,215.99,2026-02-12,Transport
Uber,Uber INV-7798,160.59,2026-05-20,Transport
Apollo Pharmacy,Apollo Pharmacy INV-6458,977.81,2025-09-23,Health
Rapido,Rapido TXN-9008,251.87,2026-07-04,Transport
DMart,DMart,1555.13,2026-05-01,Groceries
Water Utility,Water Utility PAYMENT 86513,544.99,2026-06-27,Utilities
More Supermarket,More Supermarket,1412.36,2026-05-25,Groceries
Amazon,Amazon REF#2346,1747.6,2026-05-17,Shopping
Nykaa,Nykaa TXN-14126,2792.9,2026-03-24,Shopping
Rapido,Rapido TXN-81335,176.67,2025-12-17,Transport
Steam,Steam,1302.32,2025-12-30,Entertainment
Uber,Uber,672.63,2026-06-01,Transport
Amazon,Amazon INV-85282,3460.24,2025-09-26,Shopping
DMart,DMart PAYMENT 72543,1440.99,2026-02-26,Groceries
BSNL Broadband,BSNL Broadband TXN-10937,685.91,2026-08-10,Utilities
Uber,Uber *12599,263.29,2026-02-01,Transport
Amazon Prime,Amazon Prime TXN-90839,1500.0,2025-12-11,Subscriptions
Uber,Uber ORDER-89809,202.59,2025-09-08,Transport
Amazon Prime,Amazon Prime,879.16,2026-05-31,Subscriptions
Apollo Pharmacy,Apollo Pharmacy,965.68,2025-08-24,Health
Steam,Steam,2232.84,2026-03-07,Entertainment
Swiggy,Swiggy,544.3,2026-03-03,Food & Dining
PVR Cinemas,PVR Cinemas,1169.25,2025-10-26,Entertainment
PVR Cinemas,PVR Cinemas ORDER-12903,520.67,2026-02-09,Entertainment
Cult.fit,Cult.fit *80560,1269.19,2026-02-06,Health
Uber,Uber,581.44,2026-01-30,Transport
Classmate,Classmate TXN-46736,848.11,2026-04-24,Stationery
Dominos,Dominos INV-76891,168.04,2025-11-19,Food & Dining
Whole Foods,Whole Foods REF#32402,291.65,2026-06-28,Groceries
Reliance Fresh,Reliance Fresh PAYMENT 93380,1665.45,2025-11-02,Groceries
Local Restaurant,Local Restaurant,770.08,2026-03-03,Food & Dining
DMart,DMart PAYMENT 47275,1761.32,2026-01-20,Groceries
More Supermarket,More Supermarket TXN-56589,922.86,2025-09-29,Groceries
Ola,Ola,664.85,2026-03-12,Transport
Rapido,Rapido *42623,900.0,2026-06-17,Transport
Whole Foods,Whole Foods PAYMENT 11201,803.84,2026-03-15,Groceries
IndianOil Petrol,IndianOil Petrol,330.93,2025-12-18,Transport
Cafe Coffee Day,Cafe Coffee Day,400.64,2025-10-26,Food & Dining
Reliance Fresh,Reliance Fresh PAYMENT 36270,1238.09,2025-11-09,Groceries
Rapido,Rapido REF#33090,252.62,2025-09-24,Transport
Myntra,Myntra,1821.04,2026-04-26,Shopping
BigBasket,BigBasket,1772.0,2026-01-18,Groceries
BSNL Broadband,BSNL Broadband PAYMENT 43974,1319.59,2026-01-31,Utilities
Apollo Pharmacy,Apollo Pharmacy,1532.18,2026-07-15,Health
Gas Cylinder,Gas Cylinder,843.91,2026-08-06,Utilities
WH Smith,WH Smith REF#96421,1536.57,2026-01-26,Stationery
Ola,Ola,146.55,2026-06-06,Transport
PVR Cinemas,PVR Cinemas REF#15027,635.85,2026-03-05,Entertainment
Dominos,Dominos TXN-89453,1423.81,2026-05-22,Food & Dining
Whole Foods,Whole Foods INV-27579,1321.81,2026-04-09,Groceries
Cafe Coffee Day,Cafe Coffee Day ORDER-53727,906.61,2026-08-05,Food & Dining
Whole Foods,Whole Foods TXN-33219,774.68,2026-01-18,Groceries
Flipkart,Flipkart ORDER-58960,4085.3,2026-02-25,Shopping
Uber,Uber *66502,612.51,2026-03-09,Transport
Apollo Pharmacy,Apollo Pharmacy *4918,2927.23,2026-03-18,Health
McDonalds,McDonalds *83747,1052.79,2026-05-17,Food & Dining
More Supermarket,More Supermarket,900.3,2025-12-21,Groceries
BSNL Broadband,BSNL Broadband *84645,1410.73,2025-09-07,Utilities
Rapido,Rapido,345.95,2026-02-01,Transport
Swiggy,Swiggy INV-68099,1119.62,2026-05-04,Food & Dining
Amazon,Amazon,3599.63,2025-12-07,Shopping
Playstation Store,Playstation Store,1438.15,2026-06-13,Entertainment
Amazon Stationery,Amazon Stationery ORDER-38822,1129.34,2026-04-20,Stationery
Amazon Stationery,Amazon Stationery,1021.37,2025-10-14,Stationery
McDonalds,McDonalds,723.38,2025-11-29,Food & Dining
More Supermarket,More Supermarket,3750.0,2026-08-07,Groceries
Reliance Fresh,Reliance Fresh ORDER-3060,785.95,2026-08-14,Groceries
Amazon,Amazon,1878.61,2026-07-28,Shopping
Cafe Coffee Day,Cafe Coffee Day REF#73480,224.16,2025-11-05,Food & Dining
Rapido,Rapido,356.46,2026-03-11,Transport
Nykaa,Nykaa ORDER-96750,5168.22,2026-03-06,Shopping
Cafe Coffee Day,Cafe Coffee Day,601.02,2026-06-15,Food & Dining
Zomato,Zomato INV-8300,1130.74,2026-01-05,Food & Dining
Playstation Store,Playstation Store,631.69,2026-05-17,Entertainment
Ola,Ola INV-64257,325.87,2025-12-28,Transport
Gas Cylinder,Gas Cylinder,540.18,2026-06-17,Utilities
Whole Foods,Whole Foods,891.47,2026-02-12,Groceries
H&M,H&M,2377.84,2026-01-15,Shopping
Reliance Fresh,Reliance Fresh,2125.99,2025-10-15,Groceries
Dominos,Dominos *51016,471.28,2025-10-27,Food & Dining
Reliance Fresh,Reliance Fresh PAYMENT 24447,2159.01,2026-02-28,Groceries
IndianOil Petrol,IndianOil Petrol,288.47,2026-07-12,Transport
Local Restaurant,Local Restaurant REF#59213,279.86,2025-11-19,Food & Dining
Apollo Pharmacy,Apollo Pharmacy,1423.55,2025-08-20,Health
Local Restaurant,Local Restaurant *85699,704.91,2026-05-30,Food & Dining
Myntra,Myntra INV-58276,4608.72,2026-03-16,Shopping
DMart,DMart,2064.73,2025-08-31,Groceries
Dominos,Dominos TXN-60042,1006.28,2026-01-10,Food & Dining
Playstation Store,Playstation Store,1408.07,2026-04-26,Entertainment
More Supermarket,More Supermarket REF#71146,826.25,2026-05-21,Groceries
More Supermarket,More Supermarket *28744,763.07,2026-03-29,Groceries
Whole Foods,Whole Foods TXN-39121,1030.02,2026-07-16,Groceries
Reliance Fresh,Reliance Fresh REF#11501,2205.81,2025-12-28,Groceries
WH Smith,WH Smith TXN-96780,2250.0,2025-12-15,Stationery
Local Restaurant,Local Restaurant *83038,766.79,2026-08-14,Food & Dining
Jio Recharge,Jio Recharge TXN-7880,2778.96,2025-11-29,Utilities
Ola,Ola,308.82,2026-06-17,Transport
Flipkart,Flipkart *35141,3373.45,2026-01-11,Shopping
Uber,Uber ORDER-17871,124.12,2026-07-29,Transport
PVR Cinemas,PVR Cinemas,1704.26,2025-09-15,Entertainment
MedPlus,MedPlus,1397.66,2025-12-21,Health
McDonalds,McDonalds,903.65,2026-07-28,Food & Dining
Electricity Board,Electricity Board PAYMENT 49274,2008.98,2026-07-03,Utilities
BSNL Broadband,BSNL Broadband PAYMENT 67682,1480.15,2025-10-02,Utilities
H&M,H&M,2889.95,2026-02-20,Shopping
DMart,DMart INV-60189,1861.18,2025-10-02,Groceries
Flipkart,Flipkart,4737.35,2025-09-17,Shopping
Ola,Ola,793.74,2025-12-02,Transport
Dominos,Dominos *17217,1409.92,2026-05-23,Food & Dining
Ola,Ola,323.0,2026-02-07,Transport
Jio Recharge,Jio Recharge ORDER-16384,1846.42,2026-04-08,Utilities
Zomato,Zomato,1175.22,2026-04-06,Food & Dining
Myntra,Myntra,4339.93,2025-10-22,Shopping
IRCTC,IRCTC,4055.67,2026-01-03,Travel
BigBasket,BigBasket,2221.08,2026-07-22,Groceries
Jio Recharge,Jio Recharge TXN-56360,1544.76,2026-08-09,Utilities
Flipkart,Flipkart,7500.0,2025-08-16,Shopping
Water Utility,Water Utility,810.89,2026-05-08,Utilities
H&M,H&M,1427.01,2025-10-16,Shopping
More Supermarket,More Supermarket ORDER-95882,744.55,2026-02-28,Groceries
Reliance Fresh,Reliance Fresh,979.08,2026-02-20,Groceries
Playstation Store,Playstation Store,585.38,2025-10-23,Entertainment
Rapido,Rapido,483.97,2025-08-20,Transport
McDonalds,McDonalds,1800.0,2025-12-03,Food & Dining
IndianOil Petrol,IndianOil Petrol,888.07,2026-08-02,Transport
DMart,DMart,1021.35,2025-10-18,Groceries
Classmate,Classmate,301.91,2026-01-24,Stationery
Whole Foods,Whole Foods *78744,2021.99,2026-05-26,Groceries
Cafe Coffee Day,Cafe Coffee Day ORDER-86398,785.75,2026-08-04,Food & Dining
Cafe Coffee Day,Cafe Coffee Day *24826,620.58,2026-06-22,Food & Dining
McDonalds,McDonalds,547.57,2025-09-12,Food & Dining
Dominos,Dominos *9407,330.2,2026-07-08,Food & Dining
WH Smith,WH Smith,892.72,2026-02-16,Stationery
Cult.fit,Cult.fit REF#71712,1095.58,2026-03-19,Health
Steam,Steam,1077.25,2025-09-22,Entertainment
Dominos,Dominos ORDER-52263,515.0,2025-09-05,Food & Dining
Jio Recharge,Jio Recharge PAYMENT 55618,393.84,2026-04-29,Utilities
Reliance Fresh,Reliance Fresh,1722.87,2026-05-17,Groceries
BigBasket,BigBasket *26733,657.88,2025-09-25,Groceries
Zomato,Zomato PAYMENT 76965,1110.14,2026-01-30,Food & Dining
Apollo Pharmacy,Apollo Pharmacy,785.01,2026-07-30,Health
IndianOil Petrol,IndianOil Petrol,244.34,2025-12-16,Transport
Uber,Uber,407.55,2026-04-05,Transport
Flipkart,Flipkart,5424.26,2026-07-18,Shopping
Myntra,Myntra ORDER-21573,3181.66,2026-08-10,Shopping
Local Restaurant,Local Restaurant,805.55,2026-05-07,Food & Dining
Whole Foods,Whole Foods INV-15573,3199.21,2025-12-31,Groceries
More Supermarket,More Supermarket,854.83,2026-03-23,Groceries
Nykaa,Nykaa INV-10201,556.11,2026-06-07,Shopping
Uber,Uber,138.78,2025-09-13,Transport
Cafe Coffee Day,Cafe Coffee Day *88458,437.03,2025-10-07,Food & Dining
Dominos,Dominos ORDER-5872,597.23,2026-05-03,Food & Dining
Reliance Fresh,Reliance Fresh,1594.78,2025-09-08,Groceries
Swiggy,Swiggy *93688,899.88,2025-09-03,Food & Dining
IndianOil Petrol,IndianOil Petrol TXN-54659,257.84,2026-01-27,Transport
Local Restaurant,Local Restaurant,357.22,2025-09-24,Food & Dining
Myntra,Myntra TXN-29353,5834.57,2025-09-11,Shopping
Amazon Stationery,Amazon Stationery ORDER-61060,769.04,2026-03-09,Stationery
Steam,Steam REF#11422,1404.18,2026-01-22,Entertainment
More Supermarket,More Supermarket REF#73999,727.94,2025-11-26,Groceries
H&M,H&M PAYMENT 48370,2790.16,2025-12-18,Shopping
Uber,Uber INV-71738,900.0,2025-11-24,Transport
Cafe Coffee Day,Cafe Coffee Day,538.2,2025-08-19,Food & Dining
Cafe Coffee Day,Cafe Coffee Day,1187.85,2026-08-06,Food & Dining
Amazon,Amazon ORDER-26995,1022.49,2026-01-20,Shopping
Local Restaurant,Local Restaurant ORDER-18761,639.57,2026-04-24,Food & Dining
Whole Foods,Whole Foods *54240,1364.87,2025-12-12,Groceries
Dominos,Dominos *12627,501.06,2025-09-28,Food & Dining
BSNL Broadband,BSNL Broadband ORDER-77680,938.94,2026-03-05,Utilities
IndianOil Petrol,IndianOil Petrol,293.77,2025-10-21,Transport
Cafe Coffee Day,Cafe Coffee Day,270.03,2026-03-05,Food & Dining
IndianOil Petrol,IndianOil Petrol,407.95,2025-12-13,Transport
Playstation Store,Playstation Store,939.24,2025-10-10,Entertainment
Rapido,Rapido,629.91,2026-03-12,Transport
PVR Cinemas,PVR Cinemas,1180.29,2026-04-04,Entertainment
DMart,DMart INV-39974,1817.13,2025-11-04,Groceries
H&M,H&M,1036.86,2025-09-05,Shopping
Myntra,Myntra,2557.09,2026-02-14,Shopping
Swiggy,Swiggy ORDER-53104,1254.37,2025-11-13,Food & Dining
Uber,Uber TXN-12515,590.15,2026-05-24,Transport
Steam,Steam,646.2,2025-10-26,Entertainment
Steam,Steam TXN-26069,910.92,2025-12-07,Entertainment
Zomato,Zomato INV-11115,683.78,2026-07-04,Food & Dining
Zomato,Zomato,1515.15,2025-09-23,Food & Dining
Electricity Board,Electricity Board,2270.36,2025-10-20,Utilities
MakeMyTrip,MakeMyTrip TXN-75320,4958.33,2025-09-10,Travel
Amazon,Amazon ORDER-50265,1457.32,2026-04-27,Shopping
Dominos,Dominos,688.52,2025-12-03,Food & Dining
Amazon Prime,Amazon Prime *81256,687.22,2025-09-02,Subscriptions
Myntra,Myntra PAYMENT 72279,2880.51,2026-04-28,Shopping
Reliance Fresh,Reliance Fresh,1234.67,2026-02-28,Groceries
Amazon Prime,Amazon Prime TXN-82774,403.54,2026-05-12,Subscriptions
IndianOil Petrol,IndianOil Petrol,669.95,2025-08-25,Transport
IndianOil Petrol,IndianOil Petrol REF#74241,177.65,2026-04-21,Transport
Cafe Coffee Day,Cafe Coffee Day ORDER-41895,856.08,2025-11-16,Food & Dining
Reliance Fresh,Reliance Fresh ORDER-61924,1456.99,2026-01-06,Groceries
Steam,Steam,1129.93,2025-12-13,Entertainment
McDonalds,McDonalds INV-7428,890.85,2026-05-16,Food & Dining
IRCTC,IRCTC PAYMENT 46604,4493.71,2026-06-06,Travel
Classmate,Classmate TXN-31105,389.0,2025-11-12,Stationery
PVR Cinemas,PVR Cinemas,305.98,2026-08-08,Entertainment
Nykaa,Nykaa *18725,1352.4,2026-06-02,Shopping
Cafe Coffee Day,Cafe Coffee Day,615.39,2026-04-25,Food & Dining
BigBasket,BigBasket,837.92,2025-09-13,Groceries
IndianOil Petrol,IndianOil Petrol,522.17,2025-08-16,Transport
BigBasket,BigBasket,2198.83,2025-11-14,Groceries
Jio Recharge,Jio Recharge ORDER-69082,2439.35,2025-10-27,Utilities
Monthly Rent,Monthly Rent,8000.0,2026-02-23,Rent
Whole Foods,Whole Foods REF#17984,1279.6,2026-01-17,Groceries
H&M,H&M INV-63958,1386.67,2026-03-27,Shopping
Local Restaurant,Local Restaurant INV-80540,1800.0,2026-05-30,Food & Dining
McDonalds,McDonalds,261.84,2026-06-13,Food & Dining
Nykaa,Nykaa,4201.68,2025-10-20,Shopping
H&M,H&M,1495.56,2026-06-05,Shopping
Water Utility,Water Utility TXN-83939,1179.91,2026-06-25,Utilities
Airbnb,Airbnb,14261.21,2025-10-27,Travel
Local Restaurant,Local Restaurant TXN-83486,329.62,2026-01-26,Food & Dining
DMart,DMart INV-83868,1297.89,2026-08-13,Groceries
Local Restaurant,Local Restaurant,875.77,2025-08-21,Food & Dining
More Supermarket,More Supermarket,840.12,2025-12-25,Groceries
Local Restaurant,Local Restaurant TXN-54366,373.15,2026-03-18,Food & Dining
Local Restaurant,Local Restaurant PAYMENT 13394,960.89,2026-05-22,Food & Dining
Steam,Steam INV-99484,1783.25,2026-06-07,Entertainment
Zomato,Zomato,280.08,2025-09-22,Food & Dining
Local Restaurant,Local Restaurant,701.3,2025-10-08,Food & Dining
McDonalds,McDonalds,800.85,2025-09-23,Food & Dining
Classmate,Classmate INV-4162,502.67,2026-04-20,Stationery
Flipkart,Flipkart,611.08,2026-06-22,Shopping
Zomato,Zomato PAYMENT 91482,567.64,2025-11-21,Food & Dining
Indigo Airlines,Indigo Airlines,8424.29,2026-05-19,Travel
Cafe Coffee Day,Cafe Coffee Day PAYMENT 75043,299.12,2025-09-10,Food & Dining
Uber,Uber REF#600,393.07,2025-09-12,Transport
Swiggy,Swiggy INV-78771,1270.55,2026-07-20,Food & Dining
More Supermarket,More Supermarket,2207.89,2025-11-29,Groceries
Whole Foods,Whole Foods REF#52196,2029.31,2025-10-14,Groceries
Amazon Prime,Amazon Prime ORDER-84230,691.53,2025-12-29,Subscriptions
Local Restaurant,Local Restaurant REF#24555,342.83,2026-02-27,Food & Dining
McDonalds,McDonalds REF#29754,898.75,2026-04-11,Food & Dining
Uber,Uber,269.98,2025-11-01,Transport
H&M,H&M PAYMENT 99250,3366.83,2026-05-20,Shopping
Uber,Uber *54970,900.0,2026-03-02,Transport
Myntra,Myntra *30986,2283.4,2026-04-16,Shopping
More Supermarket,More Supermarket ORDER-65911,3302.6,2026-08-16,Groceries
Rapido,Rapido,366.63,2026-06-04,Transport
IRCTC,IRCTC TXN-22010,9652.81,2026-04-02,Travel
Playstation Store,Playstation Store,354.74,2025-10-19,Entertainment
H&M,H&M INV-19482,1209.91,2025-11-27,Shopping
McDonalds,McDonalds ORDER-50968,469.31,2025-09-19,Food & Dining
Uber,Uber *60151,900.0,2026-01-04,Transport
DMart,DMart *77114,576.53,2026-08-09,Groceries
IndianOil Petrol,IndianOil Petrol TXN-19524,292.98,2026-03-16,Transport
Gas Cylinder,Gas Cylinder ORDER-73852,1465.95,2025-10-06,Utilities
PVR Cinemas,PVR Cinemas,780.84,2026-05-17,Entertainment
H&M,H&M,1350.76,2026-06-04,Shopping
Cafe Coffee Day,Cafe Coffee Day *79877,1235.45,2025-10-28,Food & Dining
Rapido,Rapido,442.97,2026-03-06,Transport
BookMyShow,BookMyShow,674.86,2025-12-31,Entertainment
PVR Cinemas,PVR Cinemas REF#64537,1333.35,2026-01-22,Entertainment
Flipkart,Flipkart TXN-39484,4731.91,2025-12-10,Shopping
Rapido,Rapido REF#95625,647.3,2026-01-27,Transport
Gas Cylinder,Gas Cylinder PAYMENT 27807,1180.99,2025-11-20,Utilities
IndianOil Petrol,IndianOil Petrol *49109,376.08,2026-04-21,Transport
Uber,Uber ORDER-40879,239.55,2025-11-05,Transport
Uber,Uber,265.19,2026-05-11,Transport
Amazon Prime,Amazon Prime,480.12,2025-11-26,Subscriptions
Whole Foods,Whole Foods,1056.67,2026-02-16,Groceries
PVR Cinemas,PVR Cinemas PAYMENT 83384,1102.91,2026-05-01,Entertainment
H&M,H&M REF#64166,3259.82,2025-12-17,Shopping
Dominos,Dominos,586.37,2026-04-15,Food & Dining
Swiggy,Swiggy,497.64,2025-12-26,Food & Dining
BigBasket,BigBasket TXN-75107,798.48,2025-09-10,Groceries
McDonalds,McDonalds INV-29605,615.24,2025-12-07,Food & Dining
Local Restaurant,Local Restaurant *2728,274.42,2026-03-13,Food & Dining
Flipkart Stationery,Flipkart Stationery ORDER-62240,1878.49,2026-07-31,Stationery
Myntra,Myntra,2833.11,2026-06-19,Shopping
BookMyShow,BookMyShow INV-93078,2250.0,2026-01-19,Entertainment
Rapido,Rapido,161.4,2026-02-24,Transport
Metro Card,Metro Card,228.72,2026-07-28,Transport
DMart,DMart INV-49151,1278.2,2026-05-04,Groceries
BSNL Broadband,BSNL Broadband,2505.38,2026-01-07,Utilities
BigBasket,BigBasket INV-42716,3336.27,2026-01-04,Groceries
Zomato,Zomato,1774.29,2026-08-15,Food & Dining
Metro Card,Metro Card ORDER-78747,194.43,2025-12-17,Transport
Cafe Coffee Day,Cafe Coffee Day INV-3436,359.36,2025-10-26,Food & Dining
Local Bookstore,Local Bookstore,1306.25,2025-12-26,Stationery
Reliance Fresh,Reliance Fresh,1243.37,2026-08-13,Groceries
Myntra,Myntra *83765,2233.12,2026-08-02,Shopping
Netflix,Netflix,696.06,2026-07-25,Subscriptions
McDonalds,McDonalds,305.41,2026-07-18,Food & Dining
Rapido,Rapido INV-73373,86.98,2025-12-26,Transport
Swiggy,Swiggy,1214.04,2026-07-30,Food & Dining
Cafe Coffee Day,Cafe Coffee Day,1610.07,2026-01-20,Food & Dining
Jio Recharge,Jio Recharge,1495.21,2026-04-10,Utilities
Water Utility,Water Utility *9434,2099.74,2026-06-09,Utilities
Local Restaurant,Local Restaurant INV-50126,964.61,2025-10-16,Food & Dining
Rapido,Rapido,322.95,2025-11-01,Transport
Amazon Stationery,Amazon Stationery TXN-41569,1327.69,2026-04-07,Stationery
Swiggy,Swiggy PAYMENT 43698,959.78,2025-09-26,Food & Dining
Dominos,Dominos ORDER-717,1367.64,2026-07-06,Food & Dining
Cafe Coffee Day,Cafe Coffee Day *20866,201.24,2025-11-10,Food & Dining
PVR Cinemas,PVR Cinemas TXN-80641,733.02,2025-09-30,Entertainment
IndianOil Petrol,IndianOil Petrol,473.53,2026-03-23,Transport
Uber,Uber ORDER-42333,519.57,2026-02-23,Transport
IndianOil Petrol,IndianOil Petrol INV-640,262.61,2025-08-25,Transport
Dominos,Dominos,686.69,2026-08-06,Food & Dining
Swiggy,Swiggy,367.03,2026-06-13,Food & Dining
Reliance Fresh,Reliance Fresh PAYMENT 95498,1013.66,2026-01-11,Groceries
Rapido,Rapido,464.63,2026-03-26,Transport
iCloud,iCloud TXN-21711,513.96,2026-02-15,Subscriptions
Netflix,Netflix,1104.76,2026-03-10,Subscriptions
WH Smith,WH Smith INV-2972,1087.9,2025-12-02,Stationery
Zomato,Zomato INV-85367,410.46,2026-02-19,Food & Dining
McDonalds,McDonalds REF#70188,923.71,2026-07-09,Food & Dining
Electricity Board,Electricity Board INV-14270,337.68,2025-09-09,Utilities
More Supermarket,More Supermarket ORDER-54727,507.64,2026-08-04,Groceries
Reliance Fresh,Reliance Fresh,2025.5,2025-12-23,Groceries
Nykaa,Nykaa ORDER-39567,1600.07,2026-07-04,Shopping
BigBasket,BigBasket REF#81731,643.29,2026-05-09,Groceries
BigBasket,BigBasket *94310,1170.82,2025-10-08,Groceries
Cafe Coffee Day,Cafe Coffee Day PAYMENT 26137,956.52,2025-10-09,Food & Dining
BookMyShow,BookMyShow TXN-47013,524.82,2026-05-10,Entertainment
Dominos,Dominos *65158,902.1,2025-09-05,Food & Dining
Nykaa,Nykaa,3473.34,2026-04-19,Shopping
Amazon,Amazon *87790,7500.0,2025-10-11,Shopping
Indigo Airlines,Indigo Airlines ORDER-94938,6948.74,2026-05-04,Travel
Netflix,Netflix TXN-59967,415.49,2026-07-11,Subscriptions
Swiggy,Swiggy ORDER-13182,359.89,2026-04-10,Food & Dining
Netflix,Netflix,862.62,2026-01-11,Subscriptions
Nykaa,Nykaa ORDER-1367,3431.05,2025-10-03,Shopping
H&M,H&M REF#46961,1342.24,2025-11-11,Shopping
PG Rent,PG Rent,25818.53,2025-12-31,Rent
Local Restaurant,Local Restaurant PAYMENT 52561,1037.35,2025-10-13,Food & Dining
Cafe Coffee Day,Cafe Coffee Day INV-62784,302.83,2026-03-01,Food & Dining
Flipkart,Flipkart ORDER-17468,1827.14,2025-11-09,Shopping
DMart,DMart ORDER-54629,1942.66,2025-11-05,Groceries
Rapido,Rapido,534.12,2026-06-03,Transport
Zomato,Zomato *3877,1186.85,2026-02-15,Food & Dining
Netflix,Netflix,211.59,2025-10-21,Subscriptions
IndianOil Petrol,IndianOil Petrol ORDER-34390,145.53,2025-09-08,Transport
More Supermarket,More Supermarket *97568,2566.6,2026-07-29,Groceries
Rapido,Rapido REF#68139,178.06,2026-07-24,Transport
Nykaa,Nykaa PAYMENT 86832,2111.24,2025-10-03,Shopping
Uber,Uber,350.54,2026-07-21,Transport
Gym Membership,Gym Membership,410.06,2026-05-28,Health
OYO,OYO PAYMENT 65090,12774.24,2026-05-01,Travel
Reliance Fresh,Reliance Fresh,788.34,2026-04-24,Groceries
Local Restaurant,Local Restaurant TXN-72254,646.68,2026-05-02,Food & Dining
Rapido,Rapido ORDER-60274,463.84,2025-12-14,Transport
BSNL Broadband,BSNL Broadband,1145.21,2025-09-30,Utilities
Amazon Stationery,Amazon Stationery ORDER-13553,719.43,2026-07-16,Stationery
Whole Foods,Whole Foods ORDER-12013,1106.4,2026-05-24,Groceries
WH Smith,WH Smith REF#66728,1059.55,2026-07-08,Stationery
Amazon,Amazon REF#47724,4082.78,2026-04-06,Shopping
PVR Cinemas,PVR Cinemas REF#73520,1069.09,2026-04-05,Entertainment
Jio Recharge,Jio Recharge REF#93936,1867.82,2026-07-18,Utilities
Whole Foods,Whole Foods,2478.2,2026-07-19,Groceries
MedPlus,MedPlus,1328.06,2026-01-12,Health
Reliance Fresh,Reliance Fresh PAYMENT 18508,1442.63,2025-11-08,Groceries
Myntra,Myntra ORDER-33430,954.89,2026-03-13,Shopping
Dominos,Dominos TXN-60005,529.32,2026-03-05,Food & Dining
Swiggy,Swiggy ORDER-99341,693.78,2026-02-05,Food & Dining
OYO,OYO *16250,2294.13,2026-07-26,Travel
Metro Card,Metro Card,54.79,2026-07-19,Transport
Uber,Uber INV-6466,410.09,2026-05-14,Transport
Rapido,Rapido PAYMENT 66728,238.68,2026-06-11,Transport
YouTube Premium,YouTube Premium *22860,986.15,2026-08-05,Subscriptions
BigBasket,BigBasket INV-78814,1018.02,2026-03-02,Groceries
Zomato,Zomato PAYMENT 79922,855.97,2026-02-28,Food & Dining
PVR Cinemas,PVR Cinemas PAYMENT 45039,551.87,2026-01-03,Entertainment
Ola,Ola TXN-54199,532.05,2025-10-23,Transport
Netflix,Netflix REF#92046,719.45,2026-05-05,Subscriptions
Local Restaurant,Local Restaurant,297.22,2026-05-26,Food & Dining
BSNL Broadband,BSNL Broadband INV-45358,2219.32,2026-01-11,Utilities
More Supermarket,More Supermarket INV-23406,1924.74,2026-08-14,Groceries
H&M,H&M INV-15226,5501.71,2026-01-28,Shopping
IndianOil Petrol,IndianOil Petrol *87545,215.73,2026-06-10,Transport
Myntra,Myntra REF#55463,1953.02,2026-05-16,Shopping
Uber,Uber,263.55,2025-08-28,Transport
BigBasket,BigBasket TXN-37667,1036.41,2025-12-30,Groceries
Reliance Fresh,Reliance Fresh,938.71,2025-09-16,Groceries
Uber,Uber PAYMENT 13532,315.65,2026-02-15,Transport
Amazon,Amazon TXN-97409,4711.98,2026-05-30,Shopping
Zomato,Zomato INV-37801,350.32,2026-05-04,Food & Dining
More Supermarket,More Supermarket PAYMENT 54700,1039.53,2026-02-27,Groceries
Classmate,Classmate,2250.0,2026-01-23,Stationery
Local Restaurant,Local Restaurant PAYMENT 29663,1329.87,2026-06-29,Food & Dining
Myntra,Myntra REF#99073,5344.58,2026-07-13,Shopping
Amazon,Amazon,2427.95,2025-11-24,Shopping
McDonalds,McDonalds ORDER-24607,522.74,2026-07-31,Food & Dining
Amazon,Amazon PAYMENT 5426,1090.37,2025-10-16,Shopping
IndianOil Petrol,IndianOil Petrol TXN-76644,529.28,2025-10-21,Transport
BigBasket,BigBasket,3750.0,2026-04-11,Groceries
IRCTC,IRCTC ORDER-82068,4861.9,2026-06-17,Travel
Nykaa,Nykaa,7500.0,2026-04-24,Shopping
Steam,Steam *28930,475.38,2026-01-25,Entertainment
Metro Card,Metro Card TXN-54616,587.81,2026-05-01,Transport
Metro Card,Metro Card TXN-28064,428.5,2026-02-10,Transport
Local Restaurant,Local Restaurant TXN-98752,518.49,2026-01-13,Food & Dining
Ola,Ola,386.96,2026-05-30,Transport
Dominos,Dominos INV-80539,393.07,2025-12-17,Food & Dining
Cafe Coffee Day,Cafe Coffee Day,1241.91,2025-09-05,Food & Dining
Steam,Steam PAYMENT 33731,489.67,2025-10-13,Entertainment
McDonalds,McDonalds REF#67511,824.86,2026-05-07,Food & Dining
Uber,Uber,238.3,2025-09-07,Transport
Ola,Ola TXN-70613,498.27,2025-10-04,Transport
Gas Cylinder,Gas Cylinder INV-82611,1669.45,2025-12-01,Utilities
MedPlus,MedPlus ORDER-27045,593.4,2026-03-21,Health
Flipkart,Flipkart INV-9552,2148.86,2026-03-26,Shopping
McDonalds,McDonalds,595.38,2026-04-08,Food & Dining
Whole Foods,Whole Foods,1706.0,2025-11-15,Groceries
Steam,Steam PAYMENT 50960,756.8,2025-12-26,Entertainment
IndianOil Petrol,IndianOil Petrol ORDER-51152,90.55,2026-01-24,Transport
Ola,Ola,125.22,2026-07-10,Transport
Steam,Steam,1700.31,2025-09-08,Entertainment
Metro Card,Metro Card INV-39598,231.45,2026-01-11,Transport
Cafe Coffee Day,Cafe Coffee Day PAYMENT 51888,700.65,2026-03-28,Food & Dining
BigBasket,BigBasket,1068.55,2025-11-04,Groceries
Swiggy,Swiggy,1265.96,2026-05-22,Food & Dining
Myntra,Myntra REF#1561,4419.06,2026-07-13,Shopping
Metro Card,Metro Card ORDER-759,297.75,2025-10-18,Transport
IndianOil Petrol,IndianOil Petrol,236.35,2026-05-23,Transport
Myntra,Myntra TXN-54187,3608.15,2026-02-08,Shopping
Cult.fit,Cult.fit,294.68,2025-10-27,Health
MedPlus,MedPlus ORDER-23870,1600.53,2025-11-23,Health
Uber,Uber *60558,617.92,2025-09-12,Transport
BigBasket,BigBasket,2045.18,2026-07-25,Groceries
Nykaa,Nykaa,2884.34,2026-04-22,Shopping
Amazon,Amazon,1231.83,2025-10-06,Shopping
Cafe Coffee Day,Cafe Coffee Day PAYMENT 43136,778.61,2026-04-21,Food & Dining
Zomato,Zomato TXN-74228,368.51,2026-06-11,Food & Dining
PVR Cinemas,PVR Cinemas,2250.0,2026-03-23,Entertainment
BookMyShow,BookMyShow INV-84095,409.36,2026-08-15,Entertainment
Gym Membership,Gym Membership,375.15,2025-10-23,Health
Metro Card,Metro Card REF#40138,206.09,2026-04-01,Transport
Reliance Fresh,Reliance Fresh *10844,1349.6,2026-07-12,Groceries
Gym Membership,Gym Membership,1666.13,2025-10-26,Health
Amazon Prime,Amazon Prime INV-9982,1429.53,2025-09-24,Subscriptions
Gym Membership,Gym Membership ORDER-76369,1367.95,2026-07-05,Health
Playstation Store,Playstation Store,343.92,2025-12-02,Entertainment
Amazon Prime,Amazon Prime PAYMENT 85809,295.14,2026-05-19,Subscriptions
Swiggy,Swiggy *96205,1800.0,2025-12-08,Food & Dining
Whole Foods,Whole Foods,1021.46,2026-04-29,Groceries
Rapido,Rapido TXN-80582,381.09,2026-07-21,Transport
PVR Cinemas,PVR Cinemas,500.0,2025-10-26,Entertainment
OYO,OYO TXN-96558,4198.95,2026-07-19,Travel
MakeMyTrip,MakeMyTrip TXN-99907,6990.05,2025-09-05,Travel
Reliance Fresh,Reliance Fresh TXN-5710,290.04,2026-02-21,Groceries
Ola,Ola PAYMENT 61661,119.11,2026-02-16,Transport
iCloud,iCloud,619.14,2025-09-05,Subscriptions
Amazon Stationery,Amazon Stationery,1966.59,2026-07-06,Stationery
Ola,Ola,894.29,2025-11-13,Transport
BSNL Broadband,BSNL Broadband,1882.12,2025-09-24,Utilities
Amazon Prime,Amazon Prime PAYMENT 46355,1012.95,2026-05-07,Subscriptions
McDonalds,McDonalds *964,597.23,2026-04-19,Food & Dining
BigBasket,BigBasket TXN-10204,2184.92,2025-11-08,Groceries
Zomato,Zomato,327.05,2025-10-31,Food & Dining
Amazon,Amazon INV-30291,818.16,2025-10-15,Shopping
Dominos,Dominos PAYMENT 88603,1211.93,2025-10-13,Food & Dining
McDonalds,McDonalds,479.06,2025-11-06,Food & Dining
Whole Foods,Whole Foods,1075.91,2026-06-05,Groceries
Metro Card,Metro Card,222.22,2026-06-05,Transport
Airbnb,Airbnb PAYMENT 78658,7524.38,2026-05-07,Travel
BSNL Broadband,BSNL Broadband,1200.57,2026-07-20,Utilities
Jio Recharge,Jio Recharge,1479.5,2026-04-14,Utilities
Metro Card,Metro Card *23939,220.97,2025-10-28,Transport
IndianOil Petrol,IndianOil Petrol,419.94,2025-11-09,Transport
IndianOil Petrol,IndianOil Petrol,226.81,2026-06-14,Transport
DMart,DMart TXN-68612,914.62,2025-08-24,Groceries
Ola,Ola,208.81,2026-03-18,Transport
IndianOil Petrol,IndianOil Petrol *5216,403.5,2026-06-26,Transport
Ola,Ola ORDER-63308,740.59,2025-10-15,Transport
Amazon Prime,Amazon Prime ORDER-89040,445.24,2026-05-19,Subscriptions
Uber,Uber ORDER-91541,245.37,2026-02-21,Transport
McDonalds,McDonalds PAYMENT 46043,1120.0,2026-04-19,Food & Dining
Myntra,Myntra *12907,2457.13,2026-08-07,Shopping
Dominos,Dominos ORDER-37228,884.59,2025-12-13,Food & Dining
Metro Card,Metro Card TXN-816,900.0,2025-12-25,Transport
BookMyShow,BookMyShow *15544,2250.0,2026-06-07,Entertainment
Cafe Coffee Day,Cafe Coffee Day INV-41505,409.33,2025-11-29,Food & Dining
Whole Foods,Whole Foods,1359.1,2026-03-22,Groceries
Cult.fit,Cult.fit *48025,1882.55,2026-03-20,Health
Local Bookstore,Local Bookstore TXN-54262,2250.0,2026-03-07,Stationery
Metro Card,Metro Card REF#73381,216.52,2025-11-15,Transport
Cafe Coffee Day,Cafe Coffee Day *45235,410.67,2026-01-20,Food & Dining
Uber,Uber INV-15708,607.51,2025-10-25,Transport
Rapido,Rapido,219.0,2026-08-09,Transport
Rapido,Rapido *80581,299.37,2026-02-05,Transport
Myntra,Myntra,1209.05,2025-11-06,Shopping
Reliance Fresh,Reliance Fresh PAYMENT 78775,2386.93,2025-10-29,Groceries
Whole Foods,Whole Foods REF#10590,1230.61,2025-12-07,Groceries
Flipkart,Flipkart *86106,1638.62,2026-03-09,Shopping
H&M,H&M ORDER-23073,2391.5,2026-06-17,Shopping
Ola,Ola,374.26,2025-11-27,Transport
DMart,DMart *67708,801.33,2026-06-18,Groceries
BSNL Broadband,BSNL Broadband,1311.79,2026-07-27,Utilities
More Supermarket,More Supermarket ORDER-36267,1821.93,2025-11-04,Groceries
McDonalds,McDonalds,1131.89,2026-03-06,Food & Dining
Whole Foods,Whole Foods ORDER-11918,950.54,2026-08-11,Groceries
Amazon,Amazon,1238.08,2026-05-29,Shopping
PVR Cinemas,PVR Cinemas *25596,2250.0,2025-12-09,Entertainment
Uber,Uber REF#23042,82.59,2025-08-18,Transport
BigBasket,BigBasket,1249.76,2025-09-22,Groceries
More Supermarket,More Supermarket REF#70604,1231.34,2026-05-05,Groceries
Gas Cylinder,Gas Cylinder PAYMENT 49524,813.98,2026-08-06,Utilities
Playstation Store,Playstation Store PAYMENT 89437,1161.11,2026-02-05,Entertainment
Electricity Board,Electricity Board,1279.68,2025-08-30,Utilities
Swiggy,Swiggy,286.08,2025-12-06,Food & Dining
Zomato,Zomato,833.8,2026-02-12,Food & Dining
MedPlus,MedPlus,1649.66,2025-12-21,Health
BookMyShow,BookMyShow ORDER-72786,569.96,2026-02-07,Entertainment
Metro Card,Metro Card,375.45,2026-02-13,Transport
Indigo Airlines,Indigo Airlines TXN-65504,16256.85,2026-07-31,Travel
Local Restaurant,Local Restaurant,1393.29,2025-12-17,Food & Dining
Practo,Practo REF#20546,2157.38,2026-06-28,Health
BigBasket,BigBasket INV-87056,1061.38,2025-09-25,Groceries
Reliance Fresh,Reliance Fresh,691.84,2026-05-20,Groceries
Cafe Coffee Day,Cafe Coffee Day,762.05,2026-06-06,Food & Dining
PVR Cinemas,PVR Cinemas,757.16,2026-05-04,Entertainment
BSNL Broadband,BSNL Broadband *55566,2242.82,2025-09-12,Utilities
Rapido,Rapido REF#51705,900.0,2026-04-30,Transport
Steam,Steam ORDER-91620,859.45,2026-04-07,Entertainment
Cafe Coffee Day,Cafe Coffee Day,455.37,2025-08-20,Food & Dining
BSNL Broadband,BSNL Broadband REF#80418,3585.5,2026-01-29,Utilities
McDonalds,McDonalds TXN-35411,458.13,2025-12-28,Food & Dining
Jio Recharge,Jio Recharge TXN-65474,424.1,2026-02-19,Utilities
Uber,Uber,865.75,2026-02-22,Transport
Zomato,Zomato,435.08,2025-10-22,Food & Dining
Reliance Fresh,Reliance Fresh TXN-72889,1056.33,2026-01-01,Groceries
Local Restaurant,Local Restaurant INV-19701,479.9,2025-10-29,Food & Dining
BigBasket,BigBasket PAYMENT 17725,1635.29,2026-03-19,Groceries
MedPlus,MedPlus,724.32,2026-05-07,Health
Ola,Ola,463.43,2025-12-22,Transport
Whole Foods,Whole Foods ORDER-28341,369.36,2025-11-07,Groceries
Rapido,Rapido ORDER-59063,289.52,2026-07-04,Transport
Swiggy,Swiggy *73171,373.59,2026-02-16,Food & Dining
Cafe Coffee Day,Cafe Coffee Day,229.89,2025-08-26,Food & Dining
Myntra,Myntra TXN-75709,1434.03,2026-06-22,Shopping
H&M,H&M,1179.64,2025-11-13,Shopping
Metro Card,Metro Card ORDER-50047,316.91,2026-04-01,Transport
Ola,Ola TXN-84062,366.97,2025-10-29,Transport
Local Restaurant,Local Restaurant *75025,230.87,2026-07-05,Food & Dining
YouTube Premium,YouTube Premium,149.19,2025-09-25,Subscriptions
Swiggy,Swiggy INV-35158,555.23,2026-01-12,Food & Dining
IndianOil Petrol,IndianOil Petrol REF#98128,328.7,2026-03-31,Transport
Local Bookstore,Local Bookstore TXN-24202,1444.57,2026-03-15,Stationery
DMart,DMart INV-33083,1237.98,2025-12-14,Groceries
Nykaa,Nykaa,963.48,2025-09-25,Shopping
Reliance Fresh,Reliance Fresh,1463.14,2026-04-15,Groceries
Ola,Ola ORDER-34500,474.63,2025-09-27,Transport
BigBasket,BigBasket,1080.1,2026-03-03,Groceries
Local Restaurant,Local Restaurant TXN-17306,958.59,2026-07-02,Food & Dining
Zomato,Zomato INV-46871,1173.51,2025-09-02,Food & Dining
Local Restaurant,Local Restaurant PAYMENT 70955,719.41,2026-04-16,Food & Dining
Metro Card,Metro Card,373.88,2025-10-24,Transport
BSNL Broadband,BSNL Broadband INV-83442,1683.92,2026-07-05,Utilities
Uber,Uber,202.23,2026-07-09,Transport
Local Restaurant,Local Restaurant TXN-11838,872.43,2026-05-19,Food & Dining
Swiggy,Swiggy,901.72,2025-12-27,Food & Dining
Metro Card,Metro Card REF#37686,900.0,2025-10-24,Transport
More Supermarket,More Supermarket,1096.85,2026-04-24,Groceries
Rapido,Rapido *30405,900.0,2026-01-12,Transport
Rapido,Rapido PAYMENT 73572,290.3,2025-11-20,Transport
Cafe Coffee Day,Cafe Coffee Day,343.96,2026-07-12,Food & Dining
Whole Foods,Whole Foods TXN-67813,2082.68,2026-07-02,Groceries
Spotify,Spotify,396.47,2026-08-06,Subscriptions
Nykaa,Nykaa PAYMENT 24741,5231.01,2025-12-31,Shopping
Local Restaurant,Local Restaurant ORDER-83578,1401.73,2026-01-11,Food & Dining
Rapido,Rapido,201.42,2026-08-09,Transport
Reliance Fresh,Reliance Fresh,3259.94,2025-09-10,Groceries
BigBasket,BigBasket TXN-93842,394.27,2025-12-31,Groceries
Whole Foods,Whole Foods TXN-2030,659.59,2025-10-01,Groceries
McDonalds,McDonalds PAYMENT 48779,487.11,2026-01-22,Food & Dining
Playstation Store,Playstation Store ORDER-98478,1937.42,2026-02-01,Entertainment
DMart,DMart ORDER-71297,936.36,2026-03-04,Groceries
Zomato,Zomato,934.58,2025-12-22,Food & Dining
PVR Cinemas,PVR Cinemas,407.47,2025-12-21,Entertainment
Flipkart Stationery,Flipkart Stationery PAYMENT 96480,652.48,2025-11-25,Stationery
IndianOil Petrol,IndianOil Petrol PAYMENT 51103,164.72,2025-11-30,Transport
Swiggy,Swiggy TXN-82565,1325.52,2026-01-28,Food & Dining
Myntra,Myntra,4208.12,2026-05-24,Shopping
BSNL Broadband,BSNL Broadband REF#6927,1381.18,2025-11-25,Utilities
McDonalds,McDonalds TXN-83056,464.04,2025-10-12,Food & Dining
More Supermarket,More Supermarket,1725.0,2026-01-04,Groceries
Swiggy,Swiggy *90638,465.87,2025-09-06,Food & Dining
Water Utility,Water Utility,3366.31,2026-02-22,Utilities
BigBasket,BigBasket REF#99657,738.48,2026-06-28,Groceries
DMart,DMart TXN-92024,437.79,2026-07-12,Groceries
More Supermarket,More Supermarket TXN-41615,1332.57,2026-04-22,Groceries
Playstation Store,Playstation Store,715.93,2026-02-09,Entertainment
Amazon,Amazon,5418.37,2026-02-15,Shopping
Reliance Fresh,Reliance Fresh,517.89,2026-08-12,Groceries
Flipkart,Flipkart *24561,4072.29,2025-11-21,Shopping
Zomato,Zomato REF#78570,900.86,2026-04-12,Food & Dining
Ola,Ola *20419,360.81,2025-09-20,Transport
PVR Cinemas,PVR Cinemas,771.95,2026-05-20,Entertainment
BSNL Broadband,BSNL Broadband INV-24418,1481.15,2026-02-26,Utilities
Gas Cylinder,Gas Cylinder,824.23,2026-02-18,Utilities
Whole Foods,Whole Foods PAYMENT 24986,611.5,2026-05-18,Groceries
IndianOil Petrol,IndianOil Petrol,900.0,2026-05-25,Transport
Metro Card,Metro Card ORDER-12716,309.94,2026-01-27,Transport
BigBasket,BigBasket,445.15,2025-10-21,Groceries
Uber,Uber ORDER-74943,223.1,2025-10-05,Transport
Zomato,Zomato *81885,673.66,2026-04-23,Food & Dining
Zomato,Zomato TXN-79523,809.51,2026-02-19,Food & Dining
More Supermarket,More Supermarket INV-64509,1496.67,2025-11-30,Groceries
Cult.fit,Cult.fit,351.07,2026-04-12,Health
Nykaa,Nykaa,3752.1,2026-03-16,Shopping
Jio Recharge,Jio Recharge,2089.76,2026-05-13,Utilities
Dominos,Dominos,1800.0,2025-12-04,Food & Dining
Dominos,Dominos TXN-25412,339.28,2026-03-01,Food & Dining
McDonalds,McDonalds TXN-73293,420.3,2026-07-02,Food & Dining
IndianOil Petrol,IndianOil Petrol,340.59,2025-10-09,Transport
IndianOil Petrol,IndianOil Petrol,174.6,2026-07-22,Transport
Local Restaurant,Local Restaurant *44338,518.79,2026-03-09,Food & Dining
IndianOil Petrol,IndianOil Petrol PAYMENT 46279,238.25,2026-06-19,Transport
Uber,Uber REF#54146,540.39,2026-01-29,Transport
IndianOil Petrol,IndianOil Petrol *31651,698.89,2026-01-28,Transport
McDonalds,McDonalds,275.77,2026-05-24,Food & Dining
IndianOil Petrol,IndianOil Petrol,145.86,2026-03-07,Transport
Dominos,Dominos *17805,1109.34,2025-08-24,Food & Dining
Cafe Coffee Day,Cafe Coffee Day TXN-28257,644.18,2026-01-16,Food & Dining
DMart,DMart REF#72669,487.47,2026-08-04,Groceries
Gas Cylinder,Gas Cylinder,2162.51,2026-06-04,Utilities
Cafe Coffee Day,Cafe Coffee Day REF#48214,1606.65,2025-10-25,Food & Dining
Zomato,Zomato REF#12146,298.73,2025-12-25,Food & Dining
BSNL Broadband,BSNL Broadband INV-10218,3750.0,2025-12-05,Utilities
Steam,Steam PAYMENT 90486,935.79,2025-11-12,Entertainment
Playstation Store,Playstation Store,2250.0,2025-10-03,Entertainment
H&M,H&M PAYMENT 10386,2682.95,2026-06-07,Shopping
OYO,OYO REF#57025,15029.15,2026-02-03,Travel
Practo,Practo INV-85661,1002.45,2025-12-10,Health
MakeMyTrip,MakeMyTrip,22500.0,2026-07-06,Travel
Metro Card,Metro Card,312.2,2026-01-26,Transport
Rapido,Rapido TXN-6721,439.68,2025-12-07,Transport
WH Smith,WH Smith *75499,893.72,2026-04-01,Stationery
Dominos,Dominos,1582.59,2026-01-11,Food & Dining
BigBasket,BigBasket INV-6563,772.93,2026-06-04,Groceries
Cafe Coffee Day,Cafe Coffee Day *57049,628.65,2026-03-08,Food & Dining
DMart,DMart,1914.95,2025-10-24,Groceries
Ola,Ola TXN-73653,227.91,2026-06-04,Transport
Myntra,Myntra,5034.16,2025-12-20,Shopping
Metro Card,Metro Card,259.77,2026-08-01,Transport
Rapido,Rapido,77.4,2026-02-19,Transport
BSNL Broadband,BSNL Broadband REF#22284,849.63,2025-08-28,Utilities
BSNL Broadband,BSNL Broadband *19212,416.35,2026-03-30,Utilities
Indigo Airlines,Indigo Airlines,2519.76,2025-12-13,Travel
PVR Cinemas,PVR Cinemas,918.85,2025-09-28,Entertainment
IRCTC,IRCTC,9283.41,2025-10-30,Travel
Playstation Store,Playstation Store,565.19,2026-01-19,Entertainment
Cafe Coffee Day,Cafe Coffee Day TXN-26812,447.55,2026-05-18,Food & Dining
Steam,Steam PAYMENT 81763,1011.2,2026-05-23,Entertainment
Reliance Fresh,Reliance Fresh,2575.64,2026-08-08,Groceries
Spotify,Spotify,549.09,2026-05-12,Subscriptions
Zomato,Zomato,1104.55,2026-08-07,Food & Dining
Amazon,Amazon ORDER-51040,583.09,2025-08-20,Shopping
Flipkart,Flipkart,3559.75,2026-07-19,Shopping
Practo,Practo PAYMENT 30399,1203.58,2026-07-14,Health
Uber,Uber ORDER-41447,745.28,2026-08-14,Transport
Water Utility,Water Utility TXN-26166,968.76,2025-09-30,Utilities
Uber,Uber,715.0,2026-08-15,Transport
IndianOil Petrol,IndianOil Petrol PAYMENT 51663,707.75,2026-02-02,Transport
More Supermarket,More Supermarket REF#46680,562.93,2026-08-01,Groceries
Local Restaurant,Local Restaurant REF#8227,1136.58,2026-04-29,Food & Dining
Amazon Prime,Amazon Prime,757.37,2025-08-31,Subscriptions
McDonalds,McDonalds,211.81,2026-03-05,Food & Dining
Zomato,Zomato *82088,831.62,2026-07-29,Food & Dining
Uber,Uber TXN-55997,106.65,2026-06-05,Transport
Amazon Prime,Amazon Prime,389.47,2026-01-31,Subscriptions
Myntra,Myntra *89759,3017.61,2026-06-09,Shopping
Apollo Pharmacy,Apollo Pharmacy INV-92523,1682.23,2026-01-21,Health
Amazon Prime,Amazon Prime TXN-86113,486.92,2026-03-24,Subscriptions
Spotify,Spotify ORDER-73151,154.28,2026-01-25,Subscriptions
Amazon,Amazon REF#19173,4327.98,2025-11-18,Shopping
Steam,Steam PAYMENT 39860,2250.0,2026-03-15,Entertainment
MakeMyTrip,MakeMyTrip,12830.07,2026-07-08,Travel
Dominos,Dominos TXN-3533,245.75,2025-10-22,Food & Dining
Jio Recharge,Jio Recharge *74423,957.38,2025-12-30,Utilities
Gas Cylinder,Gas Cylinder,1626.95,2025-12-12,Utilities
Nykaa,Nykaa TXN-65940,5546.07,2026-04-17,Shopping
IndianOil Petrol,IndianOil Petrol REF#24214,304.38,2026-07-14,Transport
Rapido,Rapido,368.13,2025-10-25,Transport
Metro Card,Metro Card,351.71,2025-08-23,Transport
Nykaa,Nykaa,2472.95,2025-11-27,Shopping
PG Rent,PG Rent *64317,27182.52,2026-03-28,Rent
Gym Membership,Gym Membership PAYMENT 53166,2466.28,2025-12-20,Health
Gas Cylinder,Gas Cylinder,898.93,2026-02-26,Utilities
MakeMyTrip,MakeMyTrip *70375,4693.02,2026-06-04,Travel
YouTube Premium,YouTube Premium *14428,221.31,2025-09-04,Subscriptions
Practo,Practo TXN-68087,438.77,2025-09-06,Health
Flipkart Stationery,Flipkart Stationery *50877,1493.71,2025-09-05,Stationery
Jio Recharge,Jio Recharge TXN-38265,2748.6,2025-09-10,Utilities
YouTube Premium,YouTube Premium PAYMENT 21921,1106.1,2026-01-09,Subscriptions
BSNL Broadband,BSNL Broadband INV-67860,721.01,2025-09-12,Utilities
Rapido,Rapido PAYMENT 11954,303.97,2026-07-12,Transport
BigBasket,BigBasket,559.61,2026-06-11,Groceries
Uber,Uber ORDER-23545,900.0,2026-04-03,Transport
Amazon Prime,Amazon Prime,584.64,2025-11-27,Subscriptions
H&M,H&M TXN-94258,1585.1,2026-08-15,Shopping
More Supermarket,More Supermarket,437.12,2026-08-12,Groceries
Metro Card,Metro Card INV-67165,239.67,2026-02-28,Transport
Dominos,Dominos PAYMENT 5854,969.36,2026-05-24,Food & Dining
Amazon Prime,Amazon Prime,820.64,2026-06-01,Subscriptions
More Supermarket,More Supermarket,1515.87,2026-08-15,Groceries
H&M,H&M,3459.28,2026-04-01,Shopping
Amazon Prime,Amazon Prime ORDER-81700,390.03,2025-11-27,Subscriptions
More Supermarket,More Supermarket PAYMENT 71337,754.96,2026-04-27,Groceries
Electricity Board,Electricity Board TXN-28526,1250.73,2026-04-25,Utilities
Rapido,Rapido PAYMENT 10507,139.59,2026-03-13,Transport
BigBasket,BigBasket REF#81333,1991.26,2026-05-23,Groceries
BookMyShow,BookMyShow,1390.38,2025-11-30,Entertainment
Nykaa,Nykaa TXN-4350,3685.65,2025-09-03,Shopping
Gym Membership,Gym Membership,3000.0,2026-01-15,Health
Rapido,Rapido,233.92,2025-11-15,Transport
H&M,H&M *75110,1775.81,2026-08-09,Shopping
Dominos,Dominos,1501.55,2026-04-06,Food & Dining
DMart,DMart REF#48409,1233.82,2026-01-16,Groceries
PVR Cinemas,PVR Cinemas,462.93,2026-03-22,Entertainment
BigBasket,BigBasket REF#43250,1525.34,2026-08-06,Groceries
Ola,Ola,532.19,2026-08-07,Transport
Electricity Board,Electricity Board *11591,1812.35,2026-07-04,Utilities
Myntra,Myntra REF#56074,845.67,2026-08-12,Shopping
Local Restaurant,Local Restaurant,909.44,2026-05-12,Food & Dining
More Supermarket,More Supermarket PAYMENT 68218,3737.95,2026-05-31,Groceries
Metro Card,Metro Card *30603,300.44,2025-11-16,Transport
Flipkart Stationery,Flipkart Stationery ORDER-3243,987.25,2025-08-16,Stationery
Playstation Store,Playstation Store *54446,806.8,2025-11-30,Entertainment
Cafe Coffee Day,Cafe Coffee Day,470.02,2026-05-29,Food & Dining
McDonalds,McDonalds,238.73,2026-01-07,Food & Dining
Ola,Ola ORDER-15020,312.66,2026-01-28,Transport
Cafe Coffee Day,Cafe Coffee Day *3916,971.93,2026-06-03,Food & Dining
Zomato,Zomato INV-62897,422.77,2026-02-05,Food & Dining
BookMyShow,BookMyShow,1192.2,2026-07-12,Entertainment
Uber,Uber REF#60716,339.3,2026-05-17,Transport
IndianOil Petrol,IndianOil Petrol *39335,446.54,2025-09-13,Transport
H&M,H&M,1774.67,2026-05-27,Shopping
Amazon,Amazon,1710.81,2026-02-13,Shopping
DMart,DMart INV-70128,1928.58,2026-02-24,Groceries
BSNL Broadband,BSNL Broadband,879.21,2026-03-03,Utilities
Steam,Steam INV-41322,474.38,2026-01-20,Entertainment
Local Restaurant,Local Restaurant,355.97,2025-09-29,Food & Dining
Practo,Practo,659.27,2026-01-17,Health
More Supermarket,More Supermarket TXN-12237,1718.95,2025-09-04,Groceries
Whole Foods,Whole Foods,1249.83,2026-04-20,Groceries
OYO,OYO,5391.11,2026-05-11,Travel
Practo,Practo,3000.0,2026-05-07,Health
BigBasket,BigBasket,1109.45,2026-03-02,Groceries
Swiggy,Swiggy INV-77994,1532.29,2025-09-07,Food & Dining
McDonalds,McDonalds ORDER-68333,401.09,2025-09-08,Food & Dining
Playstation Store,Playstation Store,663.93,2025-08-27,Entertainment
Netflix,Netflix,887.03,2026-01-27,Subscriptions
Ola,Ola,600.86,2026-03-29,Transport
Swiggy,Swiggy ORDER-81750,222.39,2025-10-13,Food & Dining
More Supermarket,More Supermarket,696.04,2026-05-20,Groceries
Reliance Fresh,Reliance Fresh,1523.81,2026-08-11,Groceries
Reliance Fresh,Reliance Fresh REF#70954,1390.68,2026-06-25,Groceries
Reliance Fresh,Reliance Fresh,1106.17,2026-04-14,Groceries
Reliance Fresh,Reliance Fresh PAYMENT 23559,2361.99,2026-03-22,Groceries
YouTube Premium,YouTube Premium INV-91767,223.56,2026-07-04,Subscriptions
Swiggy,Swiggy TXN-93541,900.33,2026-02-02,Food & Dining
Playstation Store,Playstation Store,751.13,2025-09-25,Entertainment
Steam,Steam PAYMENT 12848,669.23,2026-08-08,Entertainment
H&M,H&M,3828.21,2026-08-14,Shopping
McDonalds,McDonalds,694.37,2026-06-27,Food & Dining
Nykaa,Nykaa REF#42667,1700.61,2026-07-22,Shopping
DMart,DMart ORDER-46164,583.3,2026-04-16,Groceries
Apollo Pharmacy,Apollo Pharmacy REF#79325,1037.04,2026-01-07,Health
Rapido,Rapido,568.57,2026-03-11,Transport
Flipkart,Flipkart *60520,2735.25,2026-01-17,Shopping
Uber,Uber,417.43,2026-06-29,Transport
IndianOil Petrol,IndianOil Petrol REF#27394,170.63,2025-09-18,Transport
Water Utility,Water Utility *44952,3370.12,2026-03-26,Utilities
Cafe Coffee Day,Cafe Coffee Day INV-10309,629.17,2026-07-21,Food & Dining
Myntra,Myntra ORDER-77716,658.27,2026-04-22,Shopping
Swiggy,Swiggy,370.35,2025-10-04,Food & Dining
Rapido,Rapido ORDER-89950,173.46,2026-06-18,Transport
Steam,Steam REF#64888,1254.39,2026-02-26,Entertainment
DMart,DMart TXN-76222,1419.19,2025-12-05,Groceries
Jio Recharge,Jio Recharge,1298.28,2025-08-16,Utilities
Metro Card,Metro Card *75850,238.21,2026-03-03,Transport
Swiggy,Swiggy REF#74847,318.29,2026-01-25,Food & Dining
H&M,H&M INV-45223,4639.71,2026-03-26,Shopping
BSNL Broadband,BSNL Broadband *53078,3256.4,2026-06-25,Utilities
Gym Membership,Gym Membership REF#72043,750.39,2025-09-16,Health
More Supermarket,More Supermarket REF#14478,1295.37,2026-05-29,Groceries
Gym Membership,Gym Membership PAYMENT 92141,895.71,2025-12-14,Health
Jio Recharge,Jio Recharge,1455.02,2026-08-15,Utilities
Ola,Ola,316.17,2026-07-21,Transport
Ola,Ola,347.08,2026-02-16,Transport
Amazon Prime,Amazon Prime,1500.0,2025-10-19,Subscriptions
More Supermarket,More Supermarket INV-57343,1805.5,2026-04-22,Groceries
Whole Foods,Whole Foods INV-54607,483.94,2025-10-25,Groceries
Spotify,Spotify *55897,1019.89,2026-08-07,Subscriptions
IndianOil Petrol,IndianOil Petrol,198.66,2026-03-21,Transport
Cafe Coffee Day,Cafe Coffee Day *1073,373.26,2026-03-21,Food & Dining
Cult.fit,Cult.fit,894.89,2025-12-15,Health
IRCTC,IRCTC REF#4485,4540.76,2026-06-07,Travel
IndianOil Petrol,IndianOil Petrol REF#14932,237.85,2026-08-11,Transport
Classmate,Classmate TXN-95806,904.75,2025-09-25,Stationery
Classmate,Classmate,1653.48,2026-01-06,Stationery
Spotify,Spotify TXN-62025,1401.94,2025-09-30,Subscriptions
Amazon,Amazon ORDER-89762,3167.83,2026-07-24,Shopping
BookMyShow,BookMyShow *7017,732.81,2026-01-22,Entertainment
Metro Card,Metro Card PAYMENT 59611,527.04,2025-08-21,Transport
Rapido,Rapido PAYMENT 46357,250.29,2026-02-01,Transport
Playstation Store,Playstation Store TXN-4730,1545.46,2026-01-11,Entertainment
Electricity Board,Electricity Board,526.65,2026-01-18,Utilities
Jio Recharge,Jio Recharge,3750.0,2026-06-08,Utilities
Amazon Stationery,Amazon Stationery ORDER-37693,855.28,2026-07-01,Stationery
Reliance Fresh,Reliance Fresh,746.56,2025-09-24,Groceries
McDonalds,McDonalds,365.15,2025-12-25,Food & Dining
McDonalds,McDonalds INV-19909,1033.22,2026-06-14,Food & Dining
Local Restaurant,Local Restaurant,394.64,2025-11-13,Food & Dining
McDonalds,McDonalds ORDER-45037,498.09,2026-05-13,Food & Dining
Flipkart Stationery,Flipkart Stationery TXN-65104,878.53,2026-06-16,Stationery
Metro Card,Metro Card TXN-86694,81.47,2026-02-28,Transport
Gas Cylinder,Gas Cylinder *96354,2864.28,2025-12-01,Utilities
Reliance Fresh,Reliance Fresh,1243.1,2025-12-29,Groceries
Ola,Ola PAYMENT 97899,468.94,2026-01-17,Transport
Airbnb,Airbnb PAYMENT 89689,4958.22,2025-12-13,Travel
Metro Card,Metro Card,159.65,2025-10-29,Transport
MakeMyTrip,MakeMyTrip,5025.0,2026-04-02,Travel
Uber,Uber ORDER-69737,213.26,2025-09-06,Transport
Monthly Rent,Monthly Rent *85567,18779.39,2026-03-25,Rent
Dominos,Dominos ORDER-33568,468.81,2025-12-30,Food & Dining
Zomato,Zomato INV-31792,1190.12,2026-07-27,Food & Dining
Gas Cylinder,Gas Cylinder *44324,952.79,2025-11-23,Utilities
Flipkart Stationery,Flipkart Stationery *1486,685.7,2026-01-23,Stationery
Gym Membership,Gym Membership PAYMENT 12905,2997.6,2025-08-22,Health
H&M,H&M,1619.03,2026-02-11,Shopping
Dominos,Dominos,1105.3,2025-08-28,Food & Dining
Electricity Board,Electricity Board,1329.08,2025-12-05,Utilities
Hostel Rent,Hostel Rent,29213.9,2025-09-29,Rent
BookMyShow,BookMyShow *24317,459.85,2026-07-13,Entertainment
Nykaa,Nykaa REF#61304,2652.28,2025-12-23,Shopping
DMart,DMart REF#56065,984.33,2026-04-05,Groceries
Myntra,Myntra REF#21329,1644.15,2026-01-28,Shopping
McDonalds,McDonalds,665.09,2025-09-16,Food & Dining
BigBasket,BigBasket,1218.35,2025-12-29,Groceries
Amazon Stationery,Amazon Stationery,272.91,2025-11-26,Stationery
Ola,Ola,181.62,2025-10-28,Transport
Electricity Board,Electricity Board,1915.41,2026-03-30,Utilities
BigBasket,BigBasket INV-32946,475.57,2026-06-04,Groceries
DMart,DMart TXN-85672,1446.15,2026-04-27,Groceries
IRCTC,IRCTC,22500.0,2026-07-22,Travel
Dominos,Dominos *585,1057.93,2026-03-04,Food & Dining
Indigo Airlines,Indigo Airlines PAYMENT 57254,12058.68,2026-04-24,Travel
Flipkart,Flipkart,1208.24,2025-09-20,Shopping
Hostel Rent,Hostel Rent ORDER-74449,8000.0,2026-04-19,Rent
Flipkart Stationery,Flipkart Stationery INV-39792,441.7,2026-02-02,Stationery
Jio Recharge,Jio Recharge ORDER-47987,1315.85,2026-07-13,Utilities
Flipkart Stationery,Flipkart Stationery PAYMENT 99774,2250.0,2025-09-26,Stationery
Flipkart,Flipkart *5255,1162.09,2025-11-14,Shopping
Myntra,Myntra INV-51231,6848.92,2026-01-16,Shopping
BSNL Broadband,BSNL Broadband PAYMENT 11223,3750.0,2026-02-15,Utilities
Rapido,Rapido,593.53,2025-11-21,Transport
Nykaa,Nykaa,4713.65,2026-06-15,Shopping
Playstation Store,Playstation Store REF#65594,490.39,2026-07-11,Entertainment
Gym Membership,Gym Membership,682.24,2026-04-03,Health
Dominos,Dominos,579.18,2025-09-06,Food & Dining
Myntra,Myntra PAYMENT 88977,5218.33,2026-05-10,Shopping
Rapido,Rapido,389.51,2026-06-08,Transport
DMart,DMart ORDER-61863,509.95,2026-07-16,Groceries
Water Utility,Water Utility,579.11,2025-12-18,Utilities
Cafe Coffee Day,Cafe Coffee Day REF#12852,942.72,2025-09-10,Food & Dining
McDonalds,McDonalds,1800.0,2026-06-14,Food & Dining
Water Utility,Water Utility TXN-8371,1251.34,2026-06-27,Utilities
Metro Card,Metro Card,432.52,2026-07-29,Transport
Flipkart,Flipkart TXN-42251,2630.38,2026-05-22,Shopping
Playstation Store,Playstation Store,732.06,2025-09-08,Entertainment
More Supermarket,More Supermarket PAYMENT 22126,1270.32,2025-10-27,Groceries
Ola,Ola,362.66,2026-03-28,Transport
Whole Foods,Whole Foods *49400,1732.76,2026-07-05,Groceries
More Supermarket,More Supermarket,3164.68,2026-04-22,Groceries
Airbnb,Airbnb INV-77921,6745.04,2026-08-12,Travel
Ola,Ola,609.72,2026-04-16,Transport
BSNL Broadband,BSNL Broadband,618.88,2026-05-10,Utilities
Dominos,Dominos,255.15,2026-08-05,Food & Dining
IndianOil Petrol,IndianOil Petrol,127.77,2025-09-30,Transport
BigBasket,BigBasket TXN-15501,2210.25,2025-12-14,Groceries
WH Smith,WH Smith REF#99862,479.59,2026-06-28,Stationery
Rapido,Rapido,360.46,2026-04-10,Transport
DMart,DMart TXN-89916,1908.54,2025-10-12,Groceries
Spotify,Spotify TXN-21040,442.22,2026-04-27,Subscriptions
DMart,DMart,1037.46,2026-07-12,Groceries
Zomato,Zomato,1279.82,2026-06-27,Food & Dining
BigBasket,BigBasket TXN-20815,954.16,2026-05-18,Groceries
Ola,Ola ORDER-30941,419.54,2025-10-14,Transport
Gas Cylinder,Gas Cylinder PAYMENT 26150,883.77,2026-01-29,Utilities
Netflix,Netflix,195.1,2025-12-11,Subscriptions
Zomato,Zomato TXN-49321,375.82,2026-03-15,Food & Dining
BigBasket,BigBasket PAYMENT 7222,1431.45,2026-06-11,Groceries
Whole Foods,Whole Foods,1309.02,2026-06-24,Groceries
DMart,DMart INV-47101,882.8,2025-11-23,Groceries
Local Restaurant,Local Restaurant ORDER-90829,339.29,2025-10-20,Food & Dining
Dominos,Dominos PAYMENT 60206,571.96,2025-10-11,Food & Dining
Playstation Store,Playstation Store,599.42,2025-12-06,Entertainment
Steam,Steam TXN-75875,278.66,2026-06-25,Entertainment
MedPlus,MedPlus PAYMENT 68489,779.55,2025-09-29,Health
Flipkart Stationery,Flipkart Stationery,455.06,2026-06-14,Stationery
Myntra,Myntra TXN-42999,3607.99,2025-12-20,Shopping
Cafe Coffee Day,Cafe Coffee Day TXN-75296,281.29,2026-06-14,Food & Dining
Rapido,Rapido ORDER-61789,610.95,2025-09-07,Transport
Metro Card,Metro Card *51784,320.88,2026-03-21,Transport
Steam,Steam,1415.14,2025-10-05,Entertainment
Ola,Ola INV-96016,348.47,2025-08-22,Transport
Local Restaurant,Local Restaurant REF#31434,1474.85,2026-02-15,Food & Dining
Reliance Fresh,Reliance Fresh,636.77,2026-04-18,Groceries
Rapido,Rapido,900.0,2026-06-04,Transport
Ola,Ola,412.37,2025-10-25,Transport
Gym Membership,Gym Membership PAYMENT 92361,1111.47,2026-07-02,Health
MedPlus,MedPlus,310.78,2025-09-21,Health
BigBasket,BigBasket REF#91595,2865.28,2026-03-22,Groceries
Uber,Uber INV-10711,186.62,2025-11-30,Transport
Dominos,Dominos,232.41,2025-09-13,Food & Dining
DMart,DMart REF#61094,1925.21,2026-02-28,Groceries
Swiggy,Swiggy INV-73341,478.91,2025-11-13,Food & Dining
Metro Card,Metro Card,302.71,2025-11-28,Transport
Reliance Fresh,Reliance Fresh INV-98702,2628.85,2026-04-17,Groceries
Monthly Rent,Monthly Rent,11394.26,2025-12-01,Rent
Cafe Coffee Day,Cafe Coffee Day *89258,797.09,2025-12-30,Food & Dining
Reliance Fresh,Reliance Fresh REF#59398,1445.0,2026-02-22,Groceries
Metro Card,Metro Card PAYMENT 93138,202.81,2025-10-17,Transport
Cult.fit,Cult.fit,530.51,2026-01-12,Health
Myntra,Myntra ORDER-24787,3195.39,2026-08-05,Shopping
Uber,Uber,900.0,2025-09-26,Transport
Monthly Rent,Monthly Rent,10901.47,2025-10-10,Rent
Cafe Coffee Day,Cafe Coffee Day TXN-68347,550.62,2025-11-01,Food & Dining
More Supermarket,More Supermarket INV-71066,545.58,2026-03-17,Groceries
IndianOil Petrol,IndianOil Petrol PAYMENT 96793,314.72,2026-03-19,Transport
Swiggy,Swiggy ORDER-30551,684.51,2025-09-17,Food & Dining
Ola,Ola,589.93,2026-02-03,Transport
Electricity Board,Electricity Board PAYMENT 77872,1157.95,2026-01-30,Utilities
Uber,Uber,284.54,2026-05-23,Transport
DMart,DMart,1484.37,2026-01-19,Groceries
Dominos,Dominos,666.07,2026-01-10,Food & Dining
Uber,Uber *21175,243.63,2025-11-09,Transport
Cafe Coffee Day,Cafe Coffee Day INV-90914,691.81,2025-11-13,Food & Dining
BookMyShow,BookMyShow,588.35,2025-11-06,Entertainment
Zomato,Zomato,851.59,2025-10-19,Food & Dining
Dominos,Dominos,532.57,2026-08-13,Food & Dining
Local Restaurant,Local Restaurant PAYMENT 70861,1284.46,2026-02-22,Food & Dining
Ola,Ola ORDER-53126,472.58,2025-10-17,Transport
PVR Cinemas,PVR Cinemas,1568.93,2026-04-07,Entertainment
Amazon,Amazon REF#84935,4011.07,2026-05-02,Shopping
Rapido,Rapido,373.24,2026-01-11,Transport
Uber,Uber,161.97,2026-03-30,Transport
IndianOil Petrol,IndianOil Petrol TXN-88967,319.7,2025-09-05,Transport
McDonalds,McDonalds *28983,430.56,2026-03-09,Food & Dining
Reliance Fresh,Reliance Fresh,1534.05,2025-09-13,Groceries
Uber,Uber,219.56,2026-01-05,Transport
Cult.fit,Cult.fit INV-11552,417.8,2026-07-28,Health
IndianOil Petrol,IndianOil Petrol REF#79158,162.05,2026-04-24,Transport
MakeMyTrip,MakeMyTrip,9825.86,2026-07-23,Travel
Practo,Practo,908.37,2026-02-21,Health
Cafe Coffee Day,Cafe Coffee Day,591.54,2026-01-20,Food & Dining
Flipkart,Flipkart INV-54574,1523.95,2026-03-31,Shopping
McDonalds,McDonalds,618.96,2026-03-21,Food & Dining
Water Utility,Water Utility,1359.67,2025-09-29,Utilities
WH Smith,WH Smith REF#8765,1049.87,2026-05-11,Stationery
BSNL Broadband,BSNL Broadband ORDER-967,1152.16,2026-02-24,Utilities
Netflix,Netflix TXN-72951,663.06,2026-03-16,Subscriptions
Uber,Uber TXN-24480,372.19,2025-10-25,Transport
Zomato,Zomato ORDER-39682,364.57,2026-04-24,Food & Dining
Swiggy,Swiggy,999.91,2026-05-29,Food & Dining
BookMyShow,BookMyShow REF#39443,1222.15,2025-11-02,Entertainment
Cult.fit,Cult.fit ORDER-85796,1309.4,2026-04-14,Health
Swiggy,Swiggy PAYMENT 90256,770.3,2025-11-15,Food & Dining
BigBasket,BigBasket PAYMENT 8845,833.65,2026-01-04,Groceries
Swiggy,Swiggy *57256,511.89,2026-04-19,Food & Dining
BSNL Broadband,BSNL Broadband,1345.26,2026-04-16,Utilities
Flipkart,Flipkart REF#21444,4838.63,2025-08-24,Shopping
Whole Foods,Whole Foods,386.82,2026-04-09,Groceries
BigBasket,BigBasket PAYMENT 83494,3479.83,2026-02-16,Groceries
Zomato,Zomato REF#69517,403.46,2026-01-11,Food & Dining
Whole Foods,Whole Foods INV-24118,1940.5,2025-11-23,Groceries
BSNL Broadband,BSNL Broadband *42384,1683.43,2025-11-09,Utilities
MedPlus,MedPlus REF#35680,2149.74,2026-08-01,Health
H&M,H&M,2764.92,2025-10-04,Shopping
Whole Foods,Whole Foods,1289.02,2025-10-25,Groceries
Rapido,Rapido,529.8,2026-02-06,Transport
Metro Card,Metro Card *80503,151.6,2025-11-20,Transport
Monthly Rent,Monthly Rent INV-72335,34464.85,2026-05-15,Rent
PVR Cinemas,PVR Cinemas,1103.78,2026-03-17,Entertainment
DMart,DMart,1329.97,2025-08-24,Groceries
Dominos,Dominos *68666,1800.0,2026-03-30,Food & Dining
Zomato,Zomato REF#3869,483.45,2026-08-14,Food & Dining
More Supermarket,More Supermarket INV-18759,800.14,2025-10-20,Groceries
McDonalds,McDonalds TXN-10402,858.44,2025-12-01,Food & Dining
Playstation Store,Playstation Store ORDER-2564,881.18,2025-10-12,Entertainment
Steam,Steam,533.63,2025-09-06,Entertainment
Flipkart,Flipkart,925.9,2026-06-15,Shopping
Zomato,Zomato,603.26,2025-09-18,Food & Dining
Reliance Fresh,Reliance Fresh *27022,1271.77,2025-10-18,Groceries
Zomato,Zomato,521.97,2026-07-25,Food & Dining
Practo,Practo,352.2,2026-01-05,Health
Cult.fit,Cult.fit TXN-66279,2102.36,2026-06-25,Health
Whole Foods,Whole Foods,818.06,2026-06-08,Groceries
Swiggy,Swiggy TXN-98930,497.94,2026-01-07,Food & Dining
Classmate,Classmate TXN-66185,751.82,2025-10-05,Stationery
Metro Card,Metro Card *24364,371.65,2026-08-08,Transport
PG Rent,PG Rent REF#49856,18505.57,2025-11-16,Rent
IndianOil Petrol,IndianOil Petrol ORDER-99899,507.17,2026-03-12,Transport
BigBasket,BigBasket *17914,1810.05,2025-10-11,Groceries
Swiggy,Swiggy,1800.0,2026-01-10,Food & Dining
Dominos,Dominos PAYMENT 37273,1232.02,2025-10-14,Food & Dining
Amazon,Amazon PAYMENT 29705,1646.01,2026-08-02,Shopping
Zomato,Zomato TXN-9223,486.58,2026-03-23,Food & Dining
PVR Cinemas,PVR Cinemas,300.59,2026-07-29,Entertainment
Amazon,Amazon ORDER-52052,6706.54,2026-07-26,Shopping
Nykaa,Nykaa,783.37,2025-09-28,Shopping
Amazon,Amazon,5563.29,2025-10-07,Shopping
Amazon Stationery,Amazon Stationery TXN-78082,354.64,2026-02-05,Stationery
Rapido,Rapido PAYMENT 95153,585.77,2025-12-13,Transport
PVR Cinemas,PVR Cinemas *35879,1987.39,2026-06-09,Entertainment
Playstation Store,Playstation Store REF#62467,420.23,2026-03-08,Entertainment
Indigo Airlines,Indigo Airlines,18346.14,2026-04-21,Travel
Uber,Uber REF#64238,229.46,2025-10-17,Transport
Electricity Board,Electricity Board ORDER-13155,2159.46,2025-10-23,Utilities
Gym Membership,Gym Membership INV-3606,2073.34,2026-04-28,Health
Dominos,Dominos,949.55,2026-07-29,Food & Dining
BSNL Broadband,BSNL Broadband INV-98614,2095.48,2025-09-24,Utilities
Ola,Ola TXN-38577,317.43,2026-04-11,Transport
Uber,Uber *45138,153.86,2025-12-27,Transport
Metro Card,Metro Card ORDER-56514,129.99,2025-08-25,Transport
DMart,DMart REF#49427,1040.2,2026-04-03,Groceries
Whole Foods,Whole Foods *86530,1755.13,2025-11-14,Groceries
Local Restaurant,Local Restaurant TXN-64519,662.96,2026-08-12,Food & Dining
Cafe Coffee Day,Cafe Coffee Day PAYMENT 14436,390.31,2026-03-03,Food & Dining
Metro Card,Metro Card INV-70799,173.83,2026-05-26,Transport
Uber,Uber,170.24,2025-11-04,Transport
Ola,Ola,117.76,2026-02-25,Transport
Flipkart Stationery,Flipkart Stationery ORDER-3789,122.27,2026-01-27,Stationery
Whole Foods,Whole Foods REF#97362,2581.65,2026-02-19,Groceries
Steam,Steam,563.61,2026-07-02,Entertainment
McDonalds,McDonalds,722.45,2026-02-14,Food & Dining
Swiggy,Swiggy INV-41007,495.4,2025-12-14,Food & Dining
iCloud,iCloud,160.39,2025-09-18,Subscriptions
Reliance Fresh,Reliance Fresh ORDER-60512,1196.05,2026-01-29,Groceries
Rapido,Rapido,900.0,2026-05-06,Transport
Rapido,Rapido REF#49610,501.01,2025-08-27,Transport
Zomato,Zomato PAYMENT 13214,1275.7,2025-10-05,Food & Dining
Zomato,Zomato,1311.53,2026-04-27,Food & Dining
Water Utility,Water Utility PAYMENT 26544,1327.61,2026-02-18,Utilities
Cult.fit,Cult.fit,1702.98,2025-09-23,Health
Whole Foods,Whole Foods PAYMENT 29707,935.44,2026-06-05,Groceries
Hostel Rent,Hostel Rent,17053.35,2026-06-08,Rent
More Supermarket,More Supermarket,1367.85,2026-05-14,Groceries
Steam,Steam REF#66244,638.88,2026-07-15,Entertainment
Rapido,Rapido REF#26324,300.9,2026-05-19,Transport
Cafe Coffee Day,Cafe Coffee Day PAYMENT 88122,685.42,2026-05-06,Food & Dining
Swiggy,Swiggy INV-92287,264.37,2025-08-25,Food & Dining
McDonalds,McDonalds TXN-86713,471.27,2026-04-28,Food & Dining
H&M,H&M REF#83714,6751.84,2026-04-12,Shopping
Gas Cylinder,Gas Cylinder *95338,914.9,2026-03-26,Utilities
Uber,Uber,109.83,2026-02-18,Transport
BookMyShow,BookMyShow,431.41,2026-01-16,Entertainment
MedPlus,MedPlus INV-26780,3000.0,2025-09-17,Health
Local Restaurant,Local Restaurant,1410.83,2026-01-09,Food & Dining
Electricity Board,Electricity Board,1333.76,2026-03-11,Utilities
Reliance Fresh,Reliance Fresh PAYMENT 63720,1410.81,2026-01-21,Groceries
Ola,Ola,423.34,2026-07-13,Transport
DMart,DMart REF#86433,2224.69,2025-12-26,Groceries
BSNL Broadband,BSNL Broadband INV-63780,2282.55,2025-09-06,Utilities
Whole Foods,Whole Foods,1274.22,2025-09-27,Groceries
Reliance Fresh,Reliance Fresh REF#88137,1942.96,2026-03-12,Groceries
DMart,DMart TXN-14771,907.11,2025-10-26,Groceries
Rapido,Rapido *87160,184.7,2025-10-16,Transport
Indigo Airlines,Indigo Airlines REF#65170,4923.47,2026-05-11,Travel
Cafe Coffee Day,Cafe Coffee Day REF#43260,706.9,2025-10-17,Food & Dining
Amazon,Amazon,1852.02,2025-12-14,Shopping
Local Restaurant,Local Restaurant,688.14,2026-01-03,Food & Dining
Water Utility,Water Utility *49213,1083.49,2026-04-24,Utilities
DMart,DMart PAYMENT 62340,712.73,2026-05-22,Groceries
Amazon Stationery,Amazon Stationery REF#62388,591.45,2025-10-29,Stationery
Steam,Steam,416.94,2025-08-26,Entertainment
Amazon,Amazon,5729.77,2025-09-12,Shopping
IndianOil Petrol,IndianOil Petrol,236.04,2026-01-21,Transport
Steam,Steam *31083,626.73,2025-10-17,Entertainment
Cafe Coffee Day,Cafe Coffee Day,1800.0,2026-03-05,Food & Dining
Steam,Steam REF#27675,601.95,2025-12-14,Entertainment
Zomato,Zomato INV-41673,569.54,2026-03-28,Food & Dining
Steam,Steam ORDER-36018,540.86,2026-03-12,Entertainment
Playstation Store,Playstation Store PAYMENT 96692,708.69,2026-04-24,Entertainment
Practo,Practo ORDER-21116,831.97,2026-03-20,Health
Uber,Uber PAYMENT 79020,392.86,2026-02-12,Transport
Rapido,Rapido,900.0,2026-01-30,Transport
BigBasket,BigBasket TXN-82695,970.92,2026-07-10,Groceries
BSNL Broadband,BSNL Broadband PAYMENT 26324,1465.1,2025-08-17,Utilities
Zomato,Zomato,536.58,2025-09-27,Food & Dining
Amazon,Amazon TXN-77958,6458.06,2026-07-14,Shopping
Playstation Store,Playstation Store PAYMENT 62800,1361.29,2026-01-26,Entertainment
BigBasket,BigBasket INV-77828,1297.84,2025-11-12,Groceries
Steam,Steam,762.2,2025-11-25,Entertainment
IndianOil Petrol,IndianOil Petrol,146.25,2026-02-25,Transport
BigBasket,BigBasket INV-80316,799.97,2026-05-28,Groceries
Netflix,Netflix TXN-34412,1383.94,2026-04-09,Subscriptions
Local Restaurant,Local Restaurant *56317,731.45,2026-03-09,Food & Dining
Dominos,Dominos,453.17,2026-02-20,Food & Dining
Amazon,Amazon PAYMENT 88391,2286.23,2026-03-26,Shopping
Cafe Coffee Day,Cafe Coffee Day,785.23,2025-11-28,Food & Dining
Ola,Ola PAYMENT 27180,630.51,2025-10-21,Transport
Amazon Stationery,Amazon Stationery,532.3,2026-01-07,Stationery
Cafe Coffee Day,Cafe Coffee Day ORDER-38136,700.3,2025-10-29,Food & Dining
Swiggy,Swiggy TXN-48549,381.06,2026-04-03,Food & Dining
Myntra,Myntra,5391.52,2025-09-28,Shopping
Cafe Coffee Day,Cafe Coffee Day,1800.0,2026-08-05,Food & Dining
Dominos,Dominos,427.7,2026-03-20,Food & Dining
Whole Foods,Whole Foods ORDER-43728,672.83,2025-09-15,Groceries
Ola,Ola *88021,194.16,2026-02-13,Transport
Electricity Board,Electricity Board ORDER-33347,1136.91,2025-09-08,Utilities
Dominos,Dominos,934.71,2026-03-06,Food & Dining
iCloud,iCloud,703.13,2025-09-06,Subscriptions
Uber,Uber,634.55,2026-02-05,Transport
Nykaa,Nykaa,1404.24,2026-03-25,Shopping
Whole Foods,Whole Foods PAYMENT 36931,1806.06,2025-10-20,Groceries
MakeMyTrip,MakeMyTrip REF#80438,9884.09,2026-01-07,Travel
Indigo Airlines,Indigo Airlines REF#57217,15269.4,2026-05-07,Travel
Dominos,Dominos TXN-72933,650.61,2026-04-24,Food & Dining
Amazon,Amazon,2737.45,2026-03-29,Shopping
Zomato,Zomato,1118.05,2025-09-03,Food & Dining
IndianOil Petrol,IndianOil Petrol PAYMENT 5446,601.36,2025-10-14,Transport
Amazon Stationery,Amazon Stationery PAYMENT 60099,1375.43,2026-05-30,Stationery
MedPlus,MedPlus,1697.45,2025-10-30,Health
MedPlus,MedPlus TXN-98395,477.88,2025-11-16,Health
Swiggy,Swiggy *27939,822.36,2026-07-21,Food & Dining
WH Smith,WH Smith *23767,570.19,2026-05-12,Stationery
DMart,DMart INV-12460,718.98,2026-04-28,Groceries
Reliance Fresh,Reliance Fresh,640.15,2026-07-30,Groceries
Gas Cylinder,Gas Cylinder,2301.08,2025-10-09,Utilities
Rapido,Rapido INV-62995,479.55,2026-08-13,Transport
Monthly Rent,Monthly Rent,13577.97,2026-06-16,Rent
BigBasket,BigBasket PAYMENT 42687,782.79,2026-06-30,Groceries
Amazon Stationery,Amazon Stationery TXN-27804,461.16,2026-06-03,Stationery
Steam,Steam REF#7379,710.16,2026-01-07,Entertainment
Uber,Uber,650.91,2026-06-20,Transport
Zomato,Zomato ORDER-2788,822.17,2026-03-08,Food & Dining
Cafe Coffee Day,Cafe Coffee Day REF#84925,733.91,2026-03-10,Food & Dining
Nykaa,Nykaa REF#64436,1894.81,2025-10-16,Shopping
Nykaa,Nykaa,7500.0,2026-01-21,Shopping
Flipkart,Flipkart *26297,3401.99,2026-02-20,Shopping
YouTube Premium,YouTube Premium REF#73901,450.5,2026-04-16,Subscriptions
Reliance Fresh,Reliance Fresh,920.3,2026-03-20,Groceries
Electricity Board,Electricity Board,2101.48,2025-10-02,Utilities
Metro Card,Metro Card INV-90046,229.07,2025-12-08,Transport
MakeMyTrip,MakeMyTrip INV-84933,4468.3,2026-05-12,Travel
McDonalds,McDonalds,370.18,2026-03-27,Food & Dining
Local Bookstore,Local Bookstore REF#32691,2250.0,2026-08-01,Stationery
Local Restaurant,Local Restaurant *10131,1423.59,2025-09-09,Food & Dining
Metro Card,Metro Card,480.52,2026-05-04,Transport
H&M,H&M,3258.93,2026-06-03,Shopping
Reliance Fresh,Reliance Fresh ORDER-15033,2708.14,2026-04-30,Groceries
Metro Card,Metro Card,307.05,2025-11-17,Transport
Spotify,Spotify REF#77066,244.65,2026-01-15,Subscriptions
Playstation Store,Playstation Store,1053.13,2026-04-03,Entertainment
YouTube Premium,YouTube Premium,311.91,2025-11-19,Subscriptions
Flipkart Stationery,Flipkart Stationery INV-14036,1088.76,2025-12-26,Stationery
BigBasket,BigBasket,1054.93,2026-03-06,Groceries
Metro Card,Metro Card PAYMENT 86308,206.47,2026-08-05,Transport
Gas Cylinder,Gas Cylinder REF#81167,2534.83,2026-04-22,Utilities
BSNL Broadband,BSNL Broadband INV-90578,3750.0,2026-08-04,Utilities
Playstation Store,Playstation Store,434.55,2025-09-29,Entertainment
BigBasket,BigBasket INV-24770,2574.95,2025-08-24,Groceries
Swiggy,Swiggy,997.74,2026-07-14,Food & Dining
Gym Membership,Gym Membership,552.78,2026-05-18,Health
Ola,Ola,214.68,2026-04-15,Transport
Amazon Prime,Amazon Prime PAYMENT 63676,723.17,2026-08-10,Subscriptions
MedPlus,MedPlus,427.22,2026-06-11,Health
MedPlus,MedPlus,1118.72,2026-03-04,Health
Gas Cylinder,Gas Cylinder PAYMENT 54584,2193.72,2026-08-16,Utilities
Amazon,Amazon INV-72753,2880.61,2026-06-17,Shopping
Reliance Fresh,Reliance Fresh PAYMENT 67386,1015.48,2026-03-08,Groceries
Gas Cylinder,Gas Cylinder PAYMENT 30496,3246.0,2026-07-29,Utilities
IndianOil Petrol,IndianOil Petrol *41499,714.97,2026-03-20,Transport
McDonalds,McDonalds,345.71,2026-07-13,Food & Dining
Electricity Board,Electricity Board REF#58862,480.85,2026-07-12,Utilities
Reliance Fresh,Reliance Fresh INV-25292,1314.19,2026-01-10,Groceries
Metro Card,Metro Card TXN-77125,370.02,2026-05-02,Transport
Swiggy,Swiggy INV-86208,1281.24,2026-06-20,Food & Dining
Spotify,Spotify PAYMENT 54738,536.77,2026-08-15,Subscriptions
Nykaa,Nykaa PAYMENT 21337,2183.28,2026-02-16,Shopping
Zomato,Zomato,664.58,2025-09-29,Food & Dining
Zomato,Zomato PAYMENT 13325,563.23,2026-06-22,Food & Dining
Airbnb,Airbnb,6661.78,2026-04-25,Travel
BigBasket,BigBasket,1184.65,2025-08-25,Groceries
Cafe Coffee Day,Cafe Coffee Day,234.36,2026-04-30,Food & Dining
More Supermarket,More Supermarket,2640.18,2025-12-10,Groceries
Cafe Coffee Day,Cafe Coffee Day REF#6217,488.45,2026-02-06,Food & Dining
Rapido,Rapido INV-67652,348.34,2025-11-01,Transport
DMart,DMart PAYMENT 60017,260.02,2025-09-10,Groceries
PVR Cinemas,PVR Cinemas *80008,2011.43,2025-10-09,Entertainment
IRCTC,IRCTC,5059.24,2026-05-30,Travel
BSNL Broadband,BSNL Broadband REF#20682,2432.95,2025-11-29,Utilities
Nykaa,Nykaa PAYMENT 96117,4172.19,2026-05-02,Shopping
Local Restaurant,Local Restaurant,442.25,2026-02-18,Food & Dining
Dominos,Dominos ORDER-32254,292.54,2026-03-16,Food & Dining
Rapido,Rapido,834.86,2026-01-09,Transport
Dominos,Dominos REF#82602,1481.64,2026-03-16,Food & Dining
McDonalds,McDonalds,417.78,2026-05-14,Food & Dining
Metro Card,Metro Card PAYMENT 67753,267.0,2026-03-13,Transport
Dominos,Dominos PAYMENT 19182,362.73,2025-08-31,Food & Dining
Amazon,Amazon,3998.21,2026-05-07,Shopping
IndianOil Petrol,IndianOil Petrol,411.39,2025-11-08,Transport
Reliance Fresh,Reliance Fresh,739.79,2026-07-10,Groceries
Jio Recharge,Jio Recharge INV-68228,654.23,2026-08-16,Utilities
Metro Card,Metro Card INV-72662,242.06,2026-07-30,Transport
H&M,H&M REF#1135,3519.66,2026-01-23,Shopping
iCloud,iCloud TXN-91889,1147.84,2026-06-24,Subscriptions
BSNL Broadband,BSNL Broadband *81127,2510.96,2026-05-21,Utilities
Myntra,Myntra PAYMENT 25959,2292.51,2026-07-14,Shopping
BigBasket,BigBasket REF#51217,562.79,2026-05-18,Groceries
H&M,H&M,4013.58,2025-10-19,Shopping
More Supermarket,More Supermarket,1317.44,2026-05-25,Groceries
Jio Recharge,Jio Recharge ORDER-70870,1682.35,2025-08-27,Utilities
Cafe Coffee Day,Cafe Coffee Day INV-55510,333.78,2026-01-18,Food & Dining
More Supermarket,More Supermarket REF#34146,323.89,2025-09-15,Groceries
Local Restaurant,Local Restaurant INV-16451,579.71,2025-09-09,Food & Dining
BSNL Broadband,BSNL Broadband PAYMENT 44530,777.55,2025-08-18,Utilities
PVR Cinemas,PVR Cinemas *93770,150.0,2026-06-09,Entertainment
Electricity Board,Electricity Board,738.77,2026-05-16,Utilities
Zomato,Zomato INV-18446,1029.4,2026-06-05,Food & Dining
Metro Card,Metro Card ORDER-43071,576.29,2025-12-20,Transport
Local Restaurant,Local Restaurant,595.64,2026-02-16,Food & Dining
Metro Card,Metro Card,350.46,2026-03-14,Transport
Netflix,Netflix,864.0,2026-04-16,Subscriptions
Flipkart,Flipkart *73365,5466.13,2026-03-10,Shopping
Rapido,Rapido *65482,296.68,2025-12-29,Transport
Flipkart Stationery,Flipkart Stationery PAYMENT 96007,680.11,2026-08-03,Stationery
Practo,Practo *16762,888.04,2025-10-28,Health
Rapido,Rapido,192.55,2026-08-11,Transport
Local Restaurant,Local Restaurant,1359.36,2026-04-15,Food & Dining
Rapido,Rapido,400.85,2025-10-15,Transport
Cafe Coffee Day,Cafe Coffee Day,219.8,2026-01-11,Food & Dining
Dominos,Dominos REF#38632,489.33,2026-02-23,Food & Dining
BookMyShow,BookMyShow,916.1,2025-10-27,Entertainment
YouTube Premium,YouTube Premium TXN-24096,763.61,2026-01-08,Subscriptions
Ola,Ola,315.67,2025-10-17,Transport
DMart,DMart *40693,3130.54,2026-04-19,Groceries
YouTube Premium,YouTube Premium PAYMENT 94476,760.37,2026-02-25,Subscriptions
Whole Foods,Whole Foods *83522,1212.07,2025-10-25,Groceries
Metro Card,Metro Card,263.94,2026-04-02,Transport
BookMyShow,BookMyShow,819.03,2026-07-22,Entertainment
Amazon Prime,Amazon Prime *6105,215.22,2026-02-05,Subscriptions
Netflix,Netflix INV-11703,148.2,2026-01-05,Subscriptions
H&M,H&M,7500.0,2026-06-04,Shopping
BSNL Broadband,BSNL Broadband,1192.29,2026-07-11,Utilities
Gas Cylinder,Gas Cylinder ORDER-74843,764.85,2026-06-07,Utilities
Steam,Steam ORDER-15865,1127.35,2026-04-30,Entertainment
Metro Card,Metro Card,503.69,2025-08-25,Transport
Amazon,Amazon PAYMENT 11194,2432.53,2026-06-08,Shopping
Electricity Board,Electricity Board *5996,1259.84,2026-03-09,Utilities
IRCTC,IRCTC PAYMENT 23759,12462.27,2026-02-06,Travel
Practo,Practo,3000.0,2026-01-25,Health
WH Smith,WH Smith,596.68,2026-05-20,Stationery
McDonalds,McDonalds TXN-40312,379.0,2025-09-30,Food & Dining
H&M,H&M,1838.69,2025-09-15,Shopping
Amazon,Amazon,1565.32,2026-01-15,Shopping
Ola,Ola REF#49319,373.17,2026-01-28,Transport
Netflix,Netflix TXN-31507,491.08,2025-09-11,Subscriptions
Water Utility,Water Utility *98717,667.33,2026-04-25,Utilities
Airbnb,Airbnb ORDER-41824,14322.4,2025-12-31,Travel
Uber,Uber ORDER-53511,290.36,2026-04-20,Transport
Spotify,Spotify REF#72723,729.97,2025-08-25,Subscriptions
Amazon,Amazon *85500,2929.3,2025-12-20,Shopping
Cafe Coffee Day,Cafe Coffee Day PAYMENT 11098,343.32,2026-03-12,Food & Dining
IndianOil Petrol,IndianOil Petrol REF#70936,425.55,2025-10-27,Transport
PVR Cinemas,PVR Cinemas PAYMENT 72864,457.21,2026-05-18,Entertainment
BigBasket,BigBasket *38012,983.19,2026-04-10,Groceries
Swiggy,Swiggy PAYMENT 35922,561.75,2025-09-15,Food & Dining
MedPlus,MedPlus,1928.04,2026-02-26,Health
Gym Membership,Gym Membership ORDER-21257,1436.0,2026-01-07,Health
Metro Card,Metro Card ORDER-51913,186.97,2026-01-16,Transport
Cult.fit,Cult.fit,247.98,2026-05-27,Health
Ola,Ola INV-45009,229.55,2026-01-25,Transport
WH Smith,WH Smith,843.86,2026-08-13,Stationery
Classmate,Classmate TXN-60366,1280.82,2026-02-06,Stationery
Zomato,Zomato TXN-84830,793.01,2026-08-05,Food & Dining
Gas Cylinder,Gas Cylinder,670.3,2025-08-18,Utilities
Uber,Uber INV-64191,289.23,2026-08-07,Transport
Metro Card,Metro Card INV-10261,404.44,2026-07-14,Transport
Amazon Prime,Amazon Prime,662.67,2026-07-25,Subscriptions
Amazon Stationery,Amazon Stationery,1602.91,2026-02-24,Stationery
MedPlus,MedPlus ORDER-16453,2103.57,2026-08-07,Health
MakeMyTrip,MakeMyTrip ORDER-29135,13323.31,2026-03-31,Travel
BookMyShow,BookMyShow,1339.33,2026-07-30,Entertainment
PVR Cinemas,PVR Cinemas,815.24,2026-07-02,Entertainment
Amazon Stationery,Amazon Stationery ORDER-36899,850.6,2026-02-17,Stationery
Amazon,Amazon,7076.41,2026-06-22,Shopping
BookMyShow,BookMyShow ORDER-36452,1432.14,2026-03-06,Entertainment
Uber,Uber TXN-86586,347.17,2026-05-25,Transport
Nykaa,Nykaa,1783.41,2026-06-20,Shopping
DMart,DMart TXN-34129,1556.05,2025-09-18,Groceries
Gym Membership,Gym Membership,670.39,2026-05-10,Health
H&M,H&M INV-69953,5827.93,2026-08-05,Shopping
Myntra,Myntra ORDER-56082,2649.41,2026-04-05,Shopping
OYO,OYO REF#56794,3546.81,2025-09-11,Travel
Uber,Uber INV-68033,452.24,2025-10-17,Transport
Zomato,Zomato,837.19,2025-09-07,Food & Dining
Spotify,Spotify,330.04,2026-05-15,Subscriptions
Swiggy,Swiggy *3425,597.67,2025-09-26,Food & Dining
Zomato,Zomato PAYMENT 9857,273.01,2026-08-04,Food & Dining
Zomato,Zomato REF#8337,765.28,2026-01-31,Food & Dining
Reliance Fresh,Reliance Fresh PAYMENT 3248,2012.2,2026-04-18,Groceries
Water Utility,Water Utility,2345.55,2026-02-03,Utilities
Cafe Coffee Day,Cafe Coffee Day ORDER-43824,505.23,2026-02-06,Food & Dining
Local Restaurant,Local Restaurant *81307,690.57,2025-09-22,Food & Dining
More Supermarket,More Supermarket,3750.0,2026-04-01,Groceries
BigBasket,BigBasket PAYMENT 41162,720.22,2025-09-02,Groceries
Nykaa,Nykaa,2088.93,2025-10-20,Shopping
Jio Recharge,Jio Recharge ORDER-13446,983.63,2026-03-25,Utilities
Rapido,Rapido,544.81,2026-01-13,Transport
BookMyShow,BookMyShow *86571,513.68,2025-12-13,Entertainment
Rapido,Rapido PAYMENT 81392,605.02,2026-04-10,Transport
Dominos,Dominos ORDER-59616,1201.03,2026-07-27,Food & Dining
Electricity Board,Electricity Board ORDER-1710,373.74,2025-10-10,Utilities
Whole Foods,Whole Foods *16612,1095.47,2025-11-23,Groceries
Swiggy,Swiggy PAYMENT 95077,725.36,2026-03-19,Food & Dining
Cafe Coffee Day,Cafe Coffee Day,872.65,2025-10-25,Food & Dining
Water Utility,Water Utility,2246.11,2026-05-05,Utilities
Water Utility,Water Utility TXN-19421,986.48,2026-05-20,Utilities
BSNL Broadband,BSNL Broadband REF#1159,1108.76,2026-01-12,Utilities
Myntra,Myntra ORDER-31214,1375.64,2025-10-29,Shopping
Apollo Pharmacy,Apollo Pharmacy,710.96,2025-09-12,Health
Local Restaurant,Local Restaurant,952.11,2025-11-27,Food & Dining
Rapido,Rapido PAYMENT 78712,301.66,2026-08-05,Transport
Gym Membership,Gym Membership,223.92,2026-06-01,Health
Dominos,Dominos PAYMENT 5630,229.63,2025-10-08,Food & Dining
Amazon Prime,Amazon Prime,455.77,2026-07-09,Subscriptions
BSNL Broadband,BSNL Broadband PAYMENT 96383,1037.54,2025-12-16,Utilities
Steam,Steam,1820.0,2026-02-24,Entertainment
Amazon Stationery,Amazon Stationery,409.12,2026-02-17,Stationery
Uber,Uber,181.88,2025-10-27,Transport
Water Utility,Water Utility,2404.08,2026-02-16,Utilities
McDonalds,McDonalds,435.31,2025-12-06,Food & Dining
Apollo Pharmacy,Apollo Pharmacy,545.52,2025-12-19,Health
Apollo Pharmacy,Apollo Pharmacy,501.1,2025-10-06,Health
Nykaa,Nykaa,937.15,2025-10-11,Shopping
McDonalds,McDonalds INV-22560,288.56,2026-02-22,Food & Dining
Classmate,Classmate,1465.4,2026-07-01,Stationery
Whole Foods,Whole Foods TXN-25224,1655.13,2025-10-21,Groceries
H&M,H&M *56400,2582.81,2026-01-25,Shopping
Local Restaurant,Local Restaurant,854.41,2025-09-08,Food & Dining
Ola,Ola,245.03,2025-10-31,Transport
Playstation Store,Playstation Store *76656,516.59,2025-10-19,Entertainment
McDonalds,McDonalds PAYMENT 87066,430.99,2025-09-26,Food & Dining
Cafe Coffee Day,Cafe Coffee Day INV-98552,577.05,2026-03-02,Food & Dining
Metro Card,Metro Card TXN-42282,257.85,2026-04-10,Transport
Uber,Uber INV-64953,193.66,2026-04-20,Transport
Jio Recharge,Jio Recharge,1624.71,2026-07-08,Utilities
Swiggy,Swiggy,882.95,2025-11-27,Food & Dining
Local Restaurant,Local Restaurant *20705,314.73,2026-02-25,Food & Dining
Swiggy,Swiggy ORDER-17706,453.83,2026-05-24,Food & Dining
Zomato,Zomato REF#30269,340.04,2026-05-08,Food & Dining
IndianOil Petrol,IndianOil Petrol REF#55950,423.0,2026-06-30,Transport
Rapido,Rapido,477.06,2026-02-20,Transport
Whole Foods,Whole Foods TXN-34915,1931.68,2026-03-30,Groceries
Swiggy,Swiggy REF#65867,516.92,2025-09-27,Food & Dining
Water Utility,Water Utility,1878.53,2026-01-04,Utilities
Cafe Coffee Day,Cafe Coffee Day,754.86,2026-05-22,Food & Dining
Local Restaurant,Local Restaurant INV-89692,656.45,2026-01-17,Food & Dining
Swiggy,Swiggy TXN-98716,1176.68,2026-06-21,Food & Dining
Ola,Ola,264.61,2025-12-27,Transport
Zomato,Zomato PAYMENT 76115,1285.28,2026-03-10,Food & Dining
BigBasket,BigBasket *99866,978.03,2026-07-16,Groceries
Cult.fit,Cult.fit TXN-94909,1264.93,2025-12-10,Health
IndianOil Petrol,IndianOil Petrol *72532,571.39,2026-05-07,Transport
Amazon,Amazon,2806.3,2026-04-09,Shopping
Dominos,Dominos PAYMENT 27570,1800.0,2026-08-08,Food & Dining
MedPlus,MedPlus REF#18312,1691.44,2025-08-31,Health
BigBasket,BigBasket PAYMENT 86456,380.17,2025-08-20,Groceries
McDonalds,McDonalds PAYMENT 89984,1751.2,2026-03-18,Food & Dining
PVR Cinemas,PVR Cinemas,863.07,2026-08-04,Entertainment
DMart,DMart TXN-20244,1443.52,2025-09-01,Groceries
Flipkart Stationery,Flipkart Stationery INV-79136,815.47,2026-06-02,Stationery
Jio Recharge,Jio Recharge PAYMENT 26865,450.89,2026-03-04,Utilities
BigBasket,BigBasket,1646.29,2026-03-01,Groceries
Gas Cylinder,Gas Cylinder,1183.6,2026-04-04,Utilities
Whole Foods,Whole Foods TXN-4302,462.98,2026-05-26,Groceries
Gas Cylinder,Gas Cylinder,1269.31,2025-08-29,Utilities
Local Bookstore,Local Bookstore,335.32,2026-01-08,Stationery
Ola,Ola ORDER-48419,222.4,2026-04-05,Transport
Dominos,Dominos PAYMENT 20682,694.16,2026-03-14,Food & Dining
Whole Foods,Whole Foods,1756.11,2026-03-18,Groceries
PG Rent,PG Rent,37500.0,2025-11-29,Rent
PVR Cinemas,PVR Cinemas PAYMENT 20911,408.38,2026-07-22,Entertainment
IRCTC,IRCTC TXN-65960,12428.6,2026-06-12,Travel
Ola,Ola ORDER-18802,134.47,2025-11-27,Transport
Practo,Practo,534.12,2026-06-21,Health
Electricity Board,Electricity Board PAYMENT 60746,2335.53,2026-04-24,Utilities
Amazon,Amazon,7500.0,2026-01-10,Shopping
Cult.fit,Cult.fit PAYMENT 80450,1742.5,2026-01-15,Health
Apollo Pharmacy,Apollo Pharmacy TXN-23637,726.65,2026-03-16,Health
Nykaa,Nykaa,1655.16,2026-04-07,Shopping
Uber,Uber,374.21,2026-03-05,Transport
Gym Membership,Gym Membership,341.04,2026-01-03,Health
Spotify,Spotify INV-94787,247.82,2026-08-08,Subscriptions
Amazon Prime,Amazon Prime *15989,356.93,2026-03-14,Subscriptions
DMart,DMart *42831,1100.9,2025-10-08,Groceries
McDonalds,McDonalds *5950,470.63,2025-11-30,Food & Dining
Whole Foods,Whole Foods INV-98369,1123.12,2026-08-06,Groceries
Dominos,Dominos,779.89,2026-03-08,Food & Dining
McDonalds,McDonalds TXN-42975,410.48,2026-08-14,Food & Dining
Metro Card,Metro Card ORDER-10919,410.93,2026-04-09,Transport
Local Restaurant,Local Restaurant TXN-61807,231.37,2026-03-28,Food & Dining
MedPlus,MedPlus,1582.64,2025-11-11,Health
McDonalds,McDonalds,473.98,2026-05-16,Food & Dining
Amazon,Amazon,5613.04,2025-08-21,Shopping
McDonalds,McDonalds INV-4614,511.93,2025-12-04,Food & Dining
Uber,Uber INV-6359,477.04,2026-03-30,Transport
PVR Cinemas,PVR Cinemas INV-94001,794.7,2026-07-10,Entertainment
More Supermarket,More Supermarket,173.82,2026-08-04,Groceries
BigBasket,BigBasket,1217.97,2026-02-25,Groceries
McDonalds,McDonalds,594.82,2025-10-01,Food & Dining
More Supermarket,More Supermarket,2399.01,2025-11-22,Groceries
PG Rent,PG Rent INV-22104,10456.0,2025-10-04,Rent
BigBasket,BigBasket,1004.23,2026-05-05,Groceries
Electricity Board,Electricity Board,1328.37,2026-07-01,Utilities
Ola,Ola,611.75,2025-12-12,Transport
Dominos,Dominos,986.72,2026-03-09,Food & Dining
Cafe Coffee Day,Cafe Coffee Day ORDER-86340,1086.36,2025-12-06,Food & Dining
Flipkart,Flipkart ORDER-8925,1966.38,2026-02-20,Shopping
Uber,Uber PAYMENT 13444,78.41,2026-06-18,Transport
BookMyShow,BookMyShow TXN-33122,424.08,2026-06-03,Entertainment
Gas Cylinder,Gas Cylinder INV-51030,713.28,2026-07-05,Utilities
Amazon Stationery,Amazon Stationery,1542.25,2026-08-06,Stationery
BookMyShow,BookMyShow REF#87442,885.33,2026-08-03,Entertainment
Swiggy,Swiggy,711.38,2026-06-23,Food & Dining
Electricity Board,Electricity Board *77100,1792.32,2025-12-13,Utilities
More Supermarket,More Supermarket *99575,2101.59,2025-08-26,Groceries
Swiggy,Swiggy,591.07,2026-03-23,Food & Dining
DMart,DMart,747.88,2026-04-28,Groceries
Cafe Coffee Day,Cafe Coffee Day TXN-95167,1509.86,2025-09-04,Food & Dining
Airbnb,Airbnb,4671.84,2026-01-31,Travel
PVR Cinemas,PVR Cinemas *54480,1568.11,2025-09-05,Entertainment
McDonalds,McDonalds,373.83,2025-08-28,Food & Dining
Cafe Coffee Day,Cafe Coffee Day ORDER-87263,1800.0,2026-05-19,Food & Dining
BookMyShow,BookMyShow INV-29256,464.68,2026-08-07,Entertainment
Dominos,Dominos TXN-58081,487.35,2026-01-27,Food & Dining
Whole Foods,Whole Foods,781.62,2026-04-24,Groceries
Local Bookstore,Local Bookstore,416.59,2025-11-28,Stationery
Uber,Uber,219.1,2025-11-28,Transport
Nykaa,Nykaa,1976.46,2026-01-22,Shopping
Rapido,Rapido,535.16,2026-06-22,Transport
Uber,Uber TXN-35733,331.67,2026-07-07,Transport
Rapido,Rapido,397.03,2026-02-16,Transport
Rapido,Rapido *96428,138.1,2026-05-01,Transport
Local Restaurant,Local Restaurant,632.65,2026-04-19,Food & Dining
Practo,Practo,1224.41,2026-01-16,Health
Myntra,Myntra,1461.81,2025-12-25,Shopping
Cafe Coffee Day,Cafe Coffee Day,1800.0,2026-05-30,Food & Dining
BigBasket,BigBasket TXN-20380,1796.84,2026-04-13,Groceries
More Supermarket,More Supermarket,2207.22,2026-04-29,Groceries
Rapido,Rapido,161.4,2026-03-16,Transport
IndianOil Petrol,IndianOil Petrol *9436,818.66,2026-07-10,Transport
DMart,DMart,1115.08,2025-10-18,Groceries
Steam,Steam INV-45788,1251.17,2025-12-24,Entertainment
Uber,Uber,900.0,2026-08-03,Transport
Cafe Coffee Day,Cafe Coffee Day,744.29,2026-03-21,Food & Dining
DMart,DMart INV-92710,2514.06,2026-02-17,Groceries
Amazon,Amazon TXN-34353,7500.0,2026-07-12,Shopping
Airbnb,Airbnb REF#32529,12480.46,2025-10-30,Travel
Hostel Rent,Hostel Rent ORDER-15400,8797.27,2025-11-06,Rent
Jio Recharge,Jio Recharge PAYMENT 92645,2064.82,2026-02-28,Utilities
Netflix,Netflix,890.79,2026-05-08,Subscriptions
IndianOil Petrol,IndianOil Petrol REF#65720,777.94,2026-08-05,Transport
H&M,H&M *40467,5741.08,2026-02-27,Shopping
Playstation Store,Playstation Store ORDER-83485,369.06,2025-09-30,Entertainment
Playstation Store,Playstation Store,420.68,2025-10-28,Entertainment
PVR Cinemas,PVR Cinemas REF#941,1083.23,2026-08-08,Entertainment
PVR Cinemas,PVR Cinemas ORDER-9254,1165.72,2025-08-16,Entertainment
Rapido,Rapido INV-37893,358.02,2026-03-17,Transport
Dominos,Dominos,556.17,2026-02-23,Food & Dining
Metro Card,Metro Card ORDER-59169,225.63,2026-04-30,Transport
Zomato,Zomato,350.83,2025-11-26,Food & Dining
Steam,Steam PAYMENT 57867,1282.2,2025-12-26,Entertainment
Jio Recharge,Jio Recharge,1404.99,2026-07-07,Utilities
Swiggy,Swiggy,1120.37,2026-01-04,Food & Dining
Dominos,Dominos,726.72,2026-04-21,Food & Dining
More Supermarket,More Supermarket INV-76442,3741.39,2025-08-19,Groceries
DMart,DMart,2607.96,2025-12-02,Groceries
Ola,Ola PAYMENT 62127,421.47,2025-12-30,Transport
Gas Cylinder,Gas Cylinder REF#89472,2785.39,2026-02-04,Utilities
Amazon Stationery,Amazon Stationery,303.39,2025-12-16,Stationery
Water Utility,Water Utility,1583.2,2026-02-14,Utilities
MedPlus,MedPlus,966.29,2026-03-09,Health
Reliance Fresh,Reliance Fresh REF#91754,379.96,2026-05-14,Groceries
Swiggy,Swiggy *90039,684.67,2026-04-04,Food & Dining
Metro Card,Metro Card,338.64,2026-03-15,Transport
Electricity Board,Electricity Board,1045.09,2026-01-27,Utilities
Reliance Fresh,Reliance Fresh,604.94,2026-01-29,Groceries
IndianOil Petrol,IndianOil Petrol ORDER-45756,399.83,2026-06-25,Transport
MakeMyTrip,MakeMyTrip INV-91784,2199.78,2026-04-16,Travel
Flipkart,Flipkart *25669,7355.04,2026-01-13,Shopping
Apollo Pharmacy,Apollo Pharmacy,539.9,2026-06-04,Health
Rapido,Rapido REF#88319,164.9,2025-09-29,Transport
Local Bookstore,Local Bookstore TXN-58595,1053.4,2026-04-12,Stationery
Ola,Ola,240.49,2026-05-19,Transport
BookMyShow,BookMyShow,730.81,2026-07-19,Entertainment
Local Bookstore,Local Bookstore TXN-42895,907.41,2025-08-30,Stationery
Steam,Steam INV-33867,283.68,2025-12-06,Entertainment
Hostel Rent,Hostel Rent,8000.0,2026-07-25,Rent
Ola,Ola,252.4,2026-04-24,Transport
Dominos,Dominos *8576,949.42,2026-06-06,Food & Dining
Dominos,Dominos INV-84261,445.59,2026-02-27,Food & Dining
Classmate,Classmate,732.04,2026-03-27,Stationery
Swiggy,Swiggy ORDER-44695,328.33,2025-10-12,Food & Dining
MakeMyTrip,MakeMyTrip,2333.28,2025-10-14,Travel
Dominos,Dominos,564.55,2026-02-26,Food & Dining
More Supermarket,More Supermarket TXN-50975,433.95,2026-05-17,Groceries
Dominos,Dominos INV-16655,1752.61,2026-02-18,Food & Dining
Water Utility,Water Utility,1405.25,2025-12-07,Utilities
MedPlus,MedPlus TXN-39005,769.9,2026-01-24,Health
Uber,Uber,290.08,2026-04-06,Transport
PVR Cinemas,PVR Cinemas,952.57,2026-08-10,Entertainment
IndianOil Petrol,IndianOil Petrol ORDER-35941,471.56,2026-08-03,Transport
Nykaa,Nykaa INV-28372,2744.03,2026-04-17,Shopping
Nykaa,Nykaa,3296.03,2026-02-24,Shopping
Myntra,Myntra,1232.34,2025-12-09,Shopping
Apollo Pharmacy,Apollo Pharmacy,1142.32,2025-11-15,Health
Flipkart Stationery,Flipkart Stationery TXN-2926,1347.09,2026-07-19,Stationery
McDonalds,McDonalds PAYMENT 45753,312.43,2026-07-29,Food & Dining
Zomato,Zomato,561.55,2026-05-13,Food & Dining
OYO,OYO,5809.58,2026-08-09,Travel
Local Restaurant,Local Restaurant,1514.79,2026-06-09,Food & Dining
H&M,H&M TXN-58018,963.93,2026-06-07,Shopping
Zomato,Zomato TXN-28691,886.93,2025-10-29,Food & Dining
Cafe Coffee Day,Cafe Coffee Day ORDER-47577,1800.0,2026-07-15,Food & Dining
BSNL Broadband,BSNL Broadband TXN-49455,1754.83,2026-07-29,Utilities
Metro Card,Metro Card,155.11,2025-11-10,Transport
IndianOil Petrol,IndianOil Petrol ORDER-67659,578.1,2025-09-11,Transport
Jio Recharge,Jio Recharge INV-94806,597.96,2025-10-31,Utilities
BigBasket,BigBasket,1435.21,2025-12-17,Groceries
Water Utility,Water Utility,2701.89,2025-11-12,Utilities
Flipkart,Flipkart INV-11845,1106.48,2026-07-25,Shopping
Cult.fit,Cult.fit PAYMENT 36173,558.51,2026-07-14,Health
IndianOil Petrol,IndianOil Petrol,429.03,2025-08-21,Transport
Ola,Ola,156.92,2026-07-24,Transport
Jio Recharge,Jio Recharge PAYMENT 35977,2516.54,2026-06-05,Utilities
Reliance Fresh,Reliance Fresh TXN-50426,860.15,2026-06-15,Groceries
Water Utility,Water Utility,823.15,2026-03-26,Utilities
McDonalds,McDonalds *24333,516.36,2026-08-16,Food & Dining
Nykaa,Nykaa *70409,2796.2,2026-03-05,Shopping
Metro Card,Metro Card *76740,480.3,2025-09-17,Transport
PVR Cinemas,PVR Cinemas ORDER-98863,2098.81,2026-07-15,Entertainment
Local Bookstore,Local Bookstore TXN-78625,1036.18,2025-10-15,Stationery
Whole Foods,Whole Foods,3750.0,2026-04-01,Groceries
BSNL Broadband,BSNL Broadband TXN-11610,2096.52,2026-07-16,Utilities
Gym Membership,Gym Membership ORDER-16446,1258.82,2025-09-02,Health
Cafe Coffee Day,Cafe Coffee Day TXN-55550,252.12,2026-05-21,Food & Dining
Flipkart,Flipkart REF#6151,4650.54,2025-12-21,Shopping
Metro Card,Metro Card INV-70105,353.92,2026-01-13,Transport
Electricity Board,Electricity Board REF#68606,1201.32,2026-08-06,Utilities
Local Bookstore,Local Bookstore,228.88,2026-06-22,Stationery
Whole Foods,Whole Foods,2360.24,2025-09-07,Groceries
McDonalds,McDonalds TXN-79024,1061.45,2025-12-04,Food & Dining
Jio Recharge,Jio Recharge TXN-95665,589.11,2026-01-05,Utilities
Whole Foods,Whole Foods REF#50140,1472.91,2025-12-24,Groceries
McDonalds,McDonalds ORDER-33415,985.58,2026-04-06,Food & Dining
MakeMyTrip,MakeMyTrip,19404.18,2025-10-28,Travel
Flipkart,Flipkart,2879.3,2026-07-06,Shopping
Swiggy,Swiggy INV-67133,1071.67,2026-07-18,Food & Dining
Rapido,Rapido,232.95,2025-11-02,Transport
Amazon Stationery,Amazon Stationery,430.53,2025-12-20,Stationery
DMart,DMart,2953.08,2026-05-23,Groceries
Reliance Fresh,Reliance Fresh REF#19279,1519.05,2026-02-02,Groceries
Swiggy,Swiggy ORDER-49534,696.64,2025-08-21,Food & Dining
Dominos,Dominos ORDER-23133,1772.63,2025-10-08,Food & Dining
YouTube Premium,YouTube Premium PAYMENT 12622,862.87,2026-06-13,Subscriptions
H&M,H&M *35627,7249.45,2026-01-07,Shopping
Spotify,Spotify,165.42,2025-11-11,Subscriptions
Swiggy,Swiggy *72408,521.59,2026-07-29,Food & Dining
Cult.fit,Cult.fit,673.52,2026-04-17,Health
Flipkart,Flipkart,3805.45,2026-08-16,Shopping
Local Restaurant,Local Restaurant ORDER-95182,1275.16,2025-12-30,Food & Dining
Zomato,Zomato INV-79883,1125.8,2025-12-21,Food & Dining
Uber,Uber REF#61528,549.93,2026-03-28,Transport
Local Restaurant,Local Restaurant *94270,696.77,2026-03-23,Food & Dining
Playstation Store,Playstation Store INV-11495,501.89,2026-01-19,Entertainment
Rapido,Rapido,446.28,2026-01-23,Transport
H&M,H&M,2476.26,2025-10-02,Shopping
Flipkart,Flipkart PAYMENT 1501,6182.53,2026-05-26,Shopping
Rapido,Rapido INV-17981,900.0,2026-05-03,Transport
IndianOil Petrol,IndianOil Petrol,79.2,2026-07-28,Transport
BigBasket,BigBasket INV-1055,1049.77,2025-11-21,Groceries
Amazon,Amazon TXN-96959,2522.6,2026-02-08,Shopping
iCloud,iCloud,192.71,2026-05-13,Subscriptions
Ola,Ola INV-68718,64.41,2025-11-10,Transport
Local Restaurant,Local Restaurant,289.92,2026-02-19,Food & Dining
BigBasket,BigBasket,3229.3,2026-04-26,Groceries
DMart,DMart TXN-70763,1641.25,2026-07-29,Groceries
Practo,Practo,971.02,2026-01-11,Health
Zomato,Zomato,641.75,2026-07-05,Food & Dining
Local Restaurant,Local Restaurant *4743,1800.0,2026-07-11,Food & Dining
iCloud,iCloud,329.79,2026-04-22,Subscriptions
Rapido,Rapido,900.0,2026-01-15,Transport
YouTube Premium,YouTube Premium,1500.0,2025-11-19,Subscriptions
Ola,Ola ORDER-69449,575.39,2025-11-25,Transport
Cafe Coffee Day,Cafe Coffee Day,522.05,2025-10-18,Food & Dining
Myntra,Myntra,2076.98,2025-12-09,Shopping
Dominos,Dominos,780.74,2025-11-17,Food & Dining
IndianOil Petrol,IndianOil Petrol,204.27,2026-03-28,Transport
IndianOil Petrol,IndianOil Petrol,190.68,2026-02-15,Transport
Cafe Coffee Day,Cafe Coffee Day PAYMENT 55288,1180.76,2025-10-23,Food & Dining
Amazon Prime,Amazon Prime INV-26182,202.35,2025-11-06,Subscriptions
Hostel Rent,Hostel Rent ORDER-55293,11643.45,2025-12-30,Rent
IndianOil Petrol,IndianOil Petrol,386.43,2026-07-31,Transport
BookMyShow,BookMyShow *95257,1025.51,2026-03-08,Entertainment
Practo,Practo TXN-14482,278.78,2026-03-03,Health
Steam,Steam TXN-45204,750.27,2025-10-19,Entertainment
PVR Cinemas,PVR Cinemas ORDER-89007,1250.92,2025-12-15,Entertainment
Ola,Ola INV-1152,432.22,2026-06-17,Transport
Local Restaurant,Local Restaurant ORDER-99832,710.49,2026-04-21,Food & Dining
Gas Cylinder,Gas Cylinder,1209.61,2026-05-04,Utilities
Whole Foods,Whole Foods INV-32521,2731.15,2025-12-28,Groceries
Ola,Ola INV-13608,374.88,2026-04-15,Transport
Metro Card,Metro Card TXN-77589,637.75,2025-11-16,Transport
Local Restaurant,Local Restaurant,380.94,2025-10-16,Food & Dining
Classmate,Classmate PAYMENT 2414,359.19,2025-10-29,Stationery
BigBasket,BigBasket PAYMENT 53485,1028.35,2025-09-11,Groceries
Myntra,Myntra TXN-44163,795.99,2025-12-12,Shopping
Whole Foods,Whole Foods,1111.8,2026-03-22,Groceries
Local Restaurant,Local Restaurant REF#93368,1800.0,2026-01-06,Food & Dining
Cafe Coffee Day,Cafe Coffee Day,333.17,2025-09-09,Food & Dining
Nykaa,Nykaa TXN-37497,6198.74,2026-01-27,Shopping
YouTube Premium,YouTube Premium,468.8,2025-10-06,Subscriptions
Ola,Ola,236.47,2026-02-03,Transport
Whole Foods,Whole Foods,2971.47,2026-05-25,Groceries
PVR Cinemas,PVR Cinemas,204.04,2026-06-13,Entertainment
Nykaa,Nykaa,1847.13,2025-12-01,Shopping
More Supermarket,More Supermarket,457.3,2026-07-04,Groceries
Gas Cylinder,Gas Cylinder TXN-25387,1469.04,2026-07-17,Utilities
IRCTC,IRCTC,8835.12,2025-09-23,Travel
Flipkart,Flipkart,3134.82,2025-11-27,Shopping
More Supermarket,More Supermarket,2143.08,2026-03-18,Groceries
Amazon Prime,Amazon Prime REF#48073,1063.09,2026-05-29,Subscriptions
H&M,H&M ORDER-63384,3973.34,2026-03-27,Shopping
MakeMyTrip,MakeMyTrip ORDER-21980,9065.25,2026-04-30,Travel
Myntra,Myntra REF#6056,3878.43,2025-10-21,Shopping
Reliance Fresh,Reliance Fresh TXN-97187,1579.56,2026-08-06,Groceries
Rapido,Rapido,257.76,2026-05-15,Transport
BookMyShow,BookMyShow *51250,426.26,2026-02-28,Entertainment
Local Restaurant,Local Restaurant ORDER-21071,1492.54,2025-11-18,Food & Dining
Water Utility,Water Utility *59795,1090.39,2025-08-20,Utilities
Myntra,Myntra,4166.35,2025-12-26,Shopping
Cafe Coffee Day,Cafe Coffee Day,717.89,2025-10-15,Food & Dining
Cafe Coffee Day,Cafe Coffee Day INV-19516,681.04,2025-09-05,Food & Dining
Cafe Coffee Day,Cafe Coffee Day REF#6852,741.48,2025-10-23,Food & Dining
Zomato,Zomato,569.84,2025-12-01,Food & Dining
Cafe Coffee Day,Cafe Coffee Day,988.2,2026-06-21,Food & Dining
Nykaa,Nykaa,743.02,2026-05-24,Shopping
iCloud,iCloud REF#7605,555.0,2026-01-13,Subscriptions
BigBasket,BigBasket TXN-95845,930.67,2026-02-14,Groceries
Local Restaurant,Local Restaurant *86255,1216.26,2025-08-24,Food & Dining
Playstation Store,Playstation Store ORDER-94812,809.25,2026-06-10,Entertainment
Local Restaurant,Local Restaurant REF#82181,829.28,2026-07-16,Food & Dining
Ola,Ola,286.12,2026-03-30,Transport
Jio Recharge,Jio Recharge,3392.21,2026-03-06,Utilities
Amazon,Amazon,3702.33,2026-02-20,Shopping
McDonalds,McDonalds TXN-24854,736.26,2025-11-18,Food & Dining
Airbnb,Airbnb,12525.83,2025-11-16,Travel
McDonalds,McDonalds PAYMENT 90194,782.37,2025-11-14,Food & Dining
Reliance Fresh,Reliance Fresh PAYMENT 32245,2135.74,2025-09-21,Groceries
Water Utility,Water Utility ORDER-95036,3750.0,2026-03-10,Utilities
H&M,H&M,1970.23,2025-08-22,Shopping
Reliance Fresh,Reliance Fresh,2041.13,2025-08-22,Groceries
Steam,Steam TXN-82332,2250.0,2025-12-31,Entertainment
BookMyShow,BookMyShow ORDER-71189,1490.74,2025-08-20,Entertainment
Zomato,Zomato,1281.34,2026-08-13,Food & Dining
BookMyShow,BookMyShow,793.83,2026-03-31,Entertainment
McDonalds,McDonalds,770.87,2025-09-13,Food & Dining
Metro Card,Metro Card ORDER-13576,371.03,2025-08-26,Transport
DMart,DMart TXN-258,743.23,2026-03-16,Groceries
Whole Foods,Whole Foods,581.75,2026-03-22,Groceries
Zomato,Zomato PAYMENT 90115,1473.5,2026-08-01,Food & Dining
PVR Cinemas,PVR Cinemas PAYMENT 22324,829.05,2025-10-12,Entertainment
Dominos,Dominos REF#10099,1800.0,2026-01-07,Food & Dining
More Supermarket,More Supermarket,2144.18,2025-09-28,Groceries
Ola,Ola *23871,140.84,2026-02-03,Transport
Cafe Coffee Day,Cafe Coffee Day INV-39626,444.25,2026-07-23,Food & Dining
Dominos,Dominos REF#65537,1800.0,2025-10-08,Food & Dining
Indigo Airlines,Indigo Airlines ORDER-385,22500.0,2026-08-15,Travel
WH Smith,WH Smith,948.66,2026-07-17,Stationery
Uber,Uber ORDER-14932,599.39,2026-04-17,Transport
Monthly Rent,Monthly Rent,15031.56,2026-01-05,Rent
DMart,DMart REF#41953,587.91,2026-03-01,Groceries
Metro Card,Metro Card,559.17,2026-03-15,Transport
Playstation Store,Playstation Store TXN-50324,1730.76,2026-07-16,Entertainment
Uber,Uber PAYMENT 69892,586.11,2026-05-16,Transport
Cafe Coffee Day,Cafe Coffee Day *93806,1090.14,2025-09-27,Food & Dining
Water Utility,Water Utility INV-28848,1974.79,2026-08-06,Utilities
Swiggy,Swiggy,1349.87,2025-08-17,Food & Dining
IndianOil Petrol,IndianOil Petrol ORDER-7908,227.24,2025-10-23,Transport
Local Restaurant,Local Restaurant,627.34,2025-10-26,Food & Dining
Gym Membership,Gym Membership TXN-27721,2280.85,2026-03-19,Health
BigBasket,BigBasket ORDER-91297,1774.59,2025-10-25,Groceries
Swiggy,Swiggy,734.24,2025-08-29,Food & Dining
Flipkart,Flipkart *9769,4378.51,2026-07-21,Shopping
BSNL Broadband,BSNL Broadband,3331.53,2025-11-04,Utilities
More Supermarket,More Supermarket ORDER-74703,1760.22,2025-09-24,Groceries
Ola,Ola,265.1,2025-11-17,Transport
Uber,Uber PAYMENT 54039,409.88,2026-01-16,Transport
Rapido,Rapido,291.43,2026-07-12,Transport
Swiggy,Swiggy ORDER-79290,610.47,2026-07-10,Food & Dining
Uber,Uber PAYMENT 55624,538.47,2025-08-21,Transport
Amazon Prime,Amazon Prime INV-33923,237.12,2026-05-26,Subscriptions
Metro Card,Metro Card TXN-55631,74.63,2026-08-14,Transport
Dominos,Dominos *49587,893.48,2025-10-02,Food & Dining
More Supermarket,More Supermarket,2309.78,2025-12-02,Groceries
Rapido,Rapido *10219,476.72,2026-05-29,Transport
Ola,Ola INV-84233,183.51,2026-01-23,Transport
Cafe Coffee Day,Cafe Coffee Day REF#84857,531.83,2025-09-12,Food & Dining
Dominos,Dominos ORDER-47640,925.66,2025-10-08,Food & Dining
Apollo Pharmacy,Apollo Pharmacy,881.91,2025-08-30,Health
More Supermarket,More Supermarket *1538,606.48,2025-12-02,Groceries
Swiggy,Swiggy TXN-83774,484.31,2026-05-25,Food & Dining
Dominos,Dominos,526.2,2025-09-28,Food & Dining
Local Bookstore,Local Bookstore,195.46,2026-04-20,Stationery
IRCTC,IRCTC,6556.68,2025-08-20,Travel
Ola,Ola,613.78,2025-11-23,Transport
McDonalds,McDonalds,779.74,2025-10-21,Food & Dining
Rapido,Rapido ORDER-65921,259.64,2026-04-30,Transport
Zomato,Zomato PAYMENT 62615,254.51,2026-06-12,Food & Dining
Gym Membership,Gym Membership TXN-19962,1880.13,2026-01-11,Health
Whole Foods,Whole Foods,1597.26,2026-07-02,Groceries
Swiggy,Swiggy INV-18563,295.28,2026-07-30,Food & Dining
Local Restaurant,Local Restaurant *95614,174.95,2026-04-29,Food & Dining
Rapido,Rapido,900.0,2026-02-06,Transport
Dominos,Dominos ORDER-93523,567.04,2026-03-24,Food & Dining
Zomato,Zomato,588.25,2025-11-30,Food & Dining
Swiggy,Swiggy PAYMENT 12867,466.85,2026-07-03,Food & Dining
Whole Foods,Whole Foods *11525,1559.3,2026-01-21,Groceries
Metro Card,Metro Card,769.44,2025-11-10,Transport
BSNL Broadband,BSNL Broadband,3414.71,2026-02-12,Utilities
PVR Cinemas,PVR Cinemas PAYMENT 33657,507.22,2025-12-26,Entertainment
Metro Card,Metro Card ORDER-74645,396.15,2025-10-26,Transport
Zomato,Zomato PAYMENT 53712,1399.84,2026-01-09,Food & Dining
YouTube Premium,YouTube Premium PAYMENT 48168,212.89,2025-10-21,Subscriptions
Jio Recharge,Jio Recharge REF#11043,676.27,2026-01-23,Utilities
IndianOil Petrol,IndianOil Petrol INV-5693,759.61,2025-12-28,Transport
Electricity Board,Electricity Board,1507.63,2025-12-19,Utilities
Cult.fit,Cult.fit PAYMENT 20836,2488.44,2026-01-11,Health
Apollo Pharmacy,Apollo Pharmacy PAYMENT 60691,933.4,2025-12-08,Health
Cafe Coffee Day,Cafe Coffee Day INV-70238,1800.0,2026-04-12,Food & Dining
Uber,Uber,206.65,2025-09-28,Transport
Hostel Rent,Hostel Rent PAYMENT 26245,9885.22,2026-03-07,Rent
BigBasket,BigBasket,1904.29,2026-02-07,Groceries
Amazon,Amazon,1298.78,2025-10-13,Shopping
Local Restaurant,Local Restaurant,386.34,2026-04-13,Food & Dining
IndianOil Petrol,IndianOil Petrol PAYMENT 8278,260.99,2026-06-19,Transport
Swiggy,Swiggy,700.38,2026-03-24,Food & Dining
Cult.fit,Cult.fit,1280.39,2026-08-01,Health
Zomato,Zomato ORDER-36001,546.98,2025-10-27,Food & Dining
Zomato,Zomato PAYMENT 55113,391.46,2026-08-15,Food & Dining
Flipkart,Flipkart,3759.43,2025-12-26,Shopping
Amazon Prime,Amazon Prime,474.6,2026-02-07,Subscriptions
Indigo Airlines,Indigo Airlines PAYMENT 70289,2808.45,2026-04-19,Travel
McDonalds,McDonalds PAYMENT 46590,402.2,2026-08-07,Food & Dining
Water Utility,Water Utility,1078.36,2025-08-21,Utilities
Amazon,Amazon,2835.44,2026-06-08,Shopping
WH Smith,WH Smith ORDER-19827,492.18,2026-01-25,Stationery
Airbnb,Airbnb REF#14990,10113.9,2026-04-28,Travel
H&M,H&M,2865.06,2025-12-28,Shopping
Ola,Ola INV-58994,684.5,2025-10-19,Transport
Water Utility,Water Utility TXN-97841,1047.2,2025-09-03,Utilities
IndianOil Petrol,IndianOil Petrol,201.92,2026-05-22,Transport
Local Restaurant,Local Restaurant INV-75707,643.37,2025-11-21,Food & Dining
Local Restaurant,Local Restaurant ORDER-39676,487.89,2026-02-18,Food & Dining
Rapido,Rapido INV-65522,210.58,2025-10-18,Transport
Rapido,Rapido REF#46265,365.02,2026-03-14,Transport
Rapido,Rapido ORDER-23144,195.7,2026-02-03,Transport
McDonalds,McDonalds *21419,315.62,2026-05-26,Food & Dining
McDonalds,McDonalds INV-89265,324.46,2026-07-19,Food & Dining
Zomato,Zomato ORDER-11584,489.46,2026-06-29,Food & Dining
DMart,DMart ORDER-80874,1014.46,2026-07-14,Groceries
Reliance Fresh,Reliance Fresh *13168,1635.4,2026-07-01,Groceries
IndianOil Petrol,IndianOil Petrol INV-38098,159.49,2025-09-01,Transport
Local Restaurant,Local Restaurant,409.46,2026-04-05,Food & Dining
Apollo Pharmacy,Apollo Pharmacy REF#60910,838.91,2025-10-18,Health
BookMyShow,BookMyShow,238.61,2026-08-11,Entertainment
Zomato,Zomato,419.96,2025-12-08,Food & Dining
Nykaa,Nykaa,4346.72,2026-01-20,Shopping
Spotify,Spotify,688.73,2026-03-16,Subscriptions
PVR Cinemas,PVR Cinemas,1759.9,2026-05-08,Entertainment
Dominos,Dominos PAYMENT 31797,594.34,2026-06-04,Food & Dining
Cafe Coffee Day,Cafe Coffee Day INV-51652,846.43,2026-06-27,Food & Dining
Playstation Store,Playstation Store PAYMENT 16991,640.98,2026-06-07,Entertainment
Swiggy,Swiggy PAYMENT 41797,1521.1,2025-11-12,Food & Dining
Ola,Ola INV-16658,605.57,2025-10-05,Transport
Electricity Board,Electricity Board INV-34208,2347.07,2026-03-04,Utilities
Zomato,Zomato,500.05,2026-01-28,Food & Dining
Metro Card,Metro Card,600.02,2026-07-03,Transport
Flipkart,Flipkart,3769.09,2025-09-25,Shopping
Amazon,Amazon INV-82872,1217.39,2026-04-05,Shopping
Dominos,Dominos,1480.64,2026-07-16,Food & Dining
Apollo Pharmacy,Apollo Pharmacy,2272.13,2026-02-25,Health
DMart,DMart INV-3133,1080.93,2025-10-28,Groceries
Electricity Board,Electricity Board ORDER-60278,1024.61,2025-10-07,Utilities
BigBasket,BigBasket REF#34440,2022.23,2025-10-27,Groceries
Whole Foods,Whole Foods,2729.66,2026-04-26,Groceries
Rapido,Rapido PAYMENT 9743,900.0,2025-08-27,Transport
Jio Recharge,Jio Recharge,2478.13,2025-12-01,Utilities
Swiggy,Swiggy,476.2,2026-04-03,Food & Dining
Netflix,Netflix *82834,690.16,2026-07-19,Subscriptions
DMart,DMart REF#63527,544.23,2026-02-07,Groceries
Jio Recharge,Jio Recharge TXN-68486,1372.64,2025-08-18,Utilities
Airbnb,Airbnb *3973,4512.72,2025-11-22,Travel
Rapido,Rapido,135.27,2025-11-02,Transport
McDonalds,McDonalds,176.41,2026-01-30,Food & Dining
Amazon,Amazon REF#35970,758.0,2025-10-19,Shopping
Monthly Rent,Monthly Rent INV-72385,14292.32,2026-02-10,Rent
Uber,Uber PAYMENT 67294,900.0,2026-04-26,Transport
Indigo Airlines,Indigo Airlines TXN-26036,4124.92,2025-12-22,Travel
iCloud,iCloud PAYMENT 13586,583.12,2026-01-06,Subscriptions
BookMyShow,BookMyShow TXN-27078,485.26,2026-01-22,Entertainment
Rapido,Rapido PAYMENT 78262,215.06,2026-04-01,Transport
Steam,Steam,912.15,2026-06-30,Entertainment
Dominos,Dominos REF#83029,503.37,2026-02-12,Food & Dining
Metro Card,Metro Card *33269,249.24,2025-09-02,Transport
Local Restaurant,Local Restaurant,813.92,2026-07-12,Food & Dining
BigBasket,BigBasket,1277.48,2026-01-28,Groceries
BigBasket,BigBasket,1614.93,2026-07-18,Groceries
McDonalds,McDonalds,222.18,2025-08-20,Food & Dining
McDonalds,McDonalds *42247,334.19,2026-04-11,Food & Dining
Metro Card,Metro Card,342.65,2026-03-01,Transport
Local Restaurant,Local Restaurant REF#93982,1014.89,2026-05-30,Food & Dining
Amazon Prime,Amazon Prime ORDER-75328,419.73,2026-07-25,Subscriptions
Ola,Ola,337.71,2026-03-26,Transport
DMart,DMart PAYMENT 6233,3666.52,2026-04-25,Groceries
IndianOil Petrol,IndianOil Petrol PAYMENT 22531,378.8,2025-10-18,Transport
Water Utility,Water Utility,1033.83,2025-12-15,Utilities
BSNL Broadband,BSNL Broadband,1467.05,2026-06-06,Utilities
MedPlus,MedPlus ORDER-70022,975.12,2026-03-10,Health
Reliance Fresh,Reliance Fresh ORDER-9203,2051.16,2026-07-12,Groceries
Gym Membership,Gym Membership,1484.64,2026-03-16,Health
BookMyShow,BookMyShow ORDER-73035,827.72,2026-03-08,Entertainment
Ola,Ola PAYMENT 39217,453.76,2025-09-09,Transport
Ola,Ola ORDER-49108,512.49,2026-07-10,Transport
Whole Foods,Whole Foods,1604.8,2025-12-08,Groceries
WH Smith,WH Smith,447.44,2026-08-03,Stationery
Reliance Fresh,Reliance Fresh *747,825.26,2026-02-20,Groceries
Practo,Practo,2482.68,2025-12-26,Health
Dominos,Dominos REF#90267,1306.54,2025-12-29,Food & Dining
Playstation Store,Playstation Store INV-22426,609.22,2026-01-01,Entertainment
Gas Cylinder,Gas Cylinder TXN-41955,1082.75,2025-10-16,Utilities
PVR Cinemas,PVR Cinemas INV-58660,548.97,2026-03-15,Entertainment
IndianOil Petrol,IndianOil Petrol *62742,900.0,2025-12-17,Transport
Amazon Stationery,Amazon Stationery,1708.59,2026-01-27,Stationery
McDonalds,McDonalds,742.1,2026-01-14,Food & Dining
Apollo Pharmacy,Apollo Pharmacy INV-84921,1223.08,2025-12-18,Health
Swiggy,Swiggy,1047.17,2025-09-24,Food & Dining
BigBasket,BigBasket,1985.68,2025-12-04,Groceries
BigBasket,BigBasket *99924,2446.74,2025-11-30,Groceries
Cult.fit,Cult.fit INV-59609,1126.45,2026-01-22,Health
Apollo Pharmacy,Apollo Pharmacy TXN-28776,3000.0,2025-10-09,Health
McDonalds,McDonalds,811.42,2026-04-04,Food & Dining
IndianOil Petrol,IndianOil Petrol,210.98,2025-09-20,Transport
Cafe Coffee Day,Cafe Coffee Day,1351.94,2026-06-07,Food & Dining
iCloud,iCloud TXN-2274,461.15,2025-10-11,Subscriptions
Swiggy,Swiggy PAYMENT 86854,953.35,2025-08-30,Food & Dining
Cafe Coffee Day,Cafe Coffee Day,421.06,2025-10-15,Food & Dining
Dominos,Dominos *56572,545.54,2026-03-07,Food & Dining
BigBasket,BigBasket,2012.97,2026-01-02,Groceries
McDonalds,McDonalds,248.01,2026-03-20,Food & Dining
Cafe Coffee Day,Cafe Coffee Day *79719,325.7,2026-01-04,Food & Dining
Ola,Ola,243.57,2026-07-30,Transport
BigBasket,BigBasket ORDER-4777,1350.87,2025-10-13,Groceries
Cafe Coffee Day,Cafe Coffee Day,1630.14,2026-05-15,Food & Dining
Gas Cylinder,Gas Cylinder,795.63,2026-03-11,Utilities
Nykaa,Nykaa,3959.38,2026-08-05,Shopping
Playstation Store,Playstation Store INV-37847,479.7,2026-02-09,Entertainment
Cafe Coffee Day,Cafe Coffee Day ORDER-24358,537.82,2025-08-17,Food & Dining
Myntra,Myntra INV-40119,844.61,2026-04-17,Shopping
Amazon,Amazon,2697.35,2025-11-11,Shopping
Dominos,Dominos TXN-1769,662.58,2026-04-06,Food & Dining
Ola,Ola TXN-34681,108.16,2025-08-26,Transport
McDonalds,McDonalds *46256,503.17,2025-08-20,Food & Dining
Jio Recharge,Jio Recharge,1144.76,2026-04-23,Utilities
Playstation Store,Playstation Store INV-38197,667.06,2026-06-02,Entertainment
Ola,Ola,541.31,2025-11-09,Transport
BookMyShow,BookMyShow PAYMENT 64412,1105.14,2026-02-03,Entertainment
Local Bookstore,Local Bookstore,943.25,2025-12-25,Stationery
Uber,Uber,169.34,2026-02-12,Transport
Metro Card,Metro Card,701.98,2026-07-21,Transport
H&M,H&M ORDER-19485,977.7,2026-07-09,Shopping
MedPlus,MedPlus TXN-46918,169.84,2026-07-19,Health
McDonalds,McDonalds,360.37,2026-08-07,Food & Dining
More Supermarket,More Supermarket INV-14246,3750.0,2026-02-25,Groceries
Spotify,Spotify *58986,663.94,2026-07-29,Subscriptions
YouTube Premium,YouTube Premium,710.82,2025-11-13,Subscriptions
McDonalds,McDonalds,1003.7,2026-06-13,Food & Dining
BigBasket,BigBasket INV-45093,691.17,2026-05-09,Groceries
Whole Foods,Whole Foods,2087.46,2026-04-05,Groceries
Amazon Stationery,Amazon Stationery INV-19384,275.62,2026-04-28,Stationery
Cafe Coffee Day,Cafe Coffee Day *73256,1015.81,2026-01-11,Food & Dining
Dominos,Dominos,1119.78,2026-01-10,Food & Dining
DMart,DMart,2712.31,2026-01-07,Groceries
McDonalds,McDonalds REF#86640,563.96,2026-03-24,Food & Dining
Reliance Fresh,Reliance Fresh REF#37228,984.83,2025-10-25,Groceries
Ola,Ola TXN-11372,170.88,2026-05-30,Transport
DMart,DMart PAYMENT 76806,1617.58,2025-11-24,Groceries
McDonalds,McDonalds,275.55,2025-09-01,Food & Dining
Flipkart,Flipkart PAYMENT 52412,1852.52,2026-03-01,Shopping
Reliance Fresh,Reliance Fresh,440.52,2025-12-27,Groceries
Uber,Uber,725.0,2026-07-29,Transport
Playstation Store,Playstation Store TXN-54666,631.14,2025-12-22,Entertainment
McDonalds,McDonalds REF#74373,1283.31,2025-09-28,Food & Dining
Metro Card,Metro Card,347.77,2025-11-17,Transport
Uber,Uber REF#66136,276.01,2026-08-06,Transport
Flipkart,Flipkart REF#56155,1341.04,2026-04-12,Shopping
Local Bookstore,Local Bookstore,1591.16,2026-04-09,Stationery
BookMyShow,BookMyShow TXN-80736,569.5,2025-09-30,Entertainment
PVR Cinemas,PVR Cinemas,1859.33,2026-06-09,Entertainment
Metro Card,Metro Card REF#7117,139.52,2026-06-01,Transport
Uber,Uber INV-880,696.55,2026-03-10,Transport
BookMyShow,BookMyShow,1200.56,2026-05-08,Entertainment
McDonalds,McDonalds ORDER-43810,751.12,2026-07-14,Food & Dining
Steam,Steam,332.81,2026-06-01,Entertainment
Reliance Fresh,Reliance Fresh INV-67054,1637.36,2026-06-11,Groceries
Reliance Fresh,Reliance Fresh *18994,1500.92,2025-11-28,Groceries
Flipkart Stationery,Flipkart Stationery TXN-88662,1082.03,2025-10-24,Stationery
Swiggy,Swiggy REF#94359,1221.13,2026-07-03,Food & Dining
DMart,DMart,1187.99,2026-04-21,Groceries
BigBasket,BigBasket *15964,2934.1,2025-11-02,Groceries
Swiggy,Swiggy PAYMENT 3331,761.89,2025-10-08,Food & Dining
Ola,Ola ORDER-39411,900.0,2025-09-13,Transport
Classmate,Classmate *34214,2154.88,2025-12-14,Stationery
Nykaa,Nykaa *16247,2499.74,2026-07-18,Shopping
Jio Recharge,Jio Recharge TXN-97696,2943.51,2025-11-18,Utilities
Dominos,Dominos *26360,1271.87,2026-08-09,Food & Dining
Local Restaurant,Local Restaurant ORDER-77270,797.97,2026-07-23,Food & Dining
Amazon,Amazon PAYMENT 91542,2704.77,2026-03-04,Shopping
Rapido,Rapido,534.78,2026-03-21,Transport
More Supermarket,More Supermarket,1657.31,2026-03-03,Groceries
Electricity Board,Electricity Board,603.1,2026-07-18,Utilities
Amazon Prime,Amazon Prime PAYMENT 94873,330.98,2025-10-26,Subscriptions
More Supermarket,More Supermarket REF#65719,3289.18,2025-11-05,Groceries
Metro Card,Metro Card,900.0,2026-02-10,Transport
More Supermarket,More Supermarket TXN-46219,3750.0,2026-07-17,Groceries
Rapido,Rapido,648.2,2026-04-08,Transport
BookMyShow,BookMyShow PAYMENT 9040,841.22,2026-01-18,Entertainment
Electricity Board,Electricity Board PAYMENT 79508,3750.0,2026-02-24,Utilities
Water Utility,Water Utility,804.57,2026-05-02,Utilities
Flipkart,Flipkart *45725,7102.65,2026-06-13,Shopping
MedPlus,MedPlus ORDER-3969,981.58,2025-09-19,Health
Dominos,Dominos INV-14022,274.0,2025-10-04,Food & Dining
Myntra,Myntra TXN-96129,4705.36,2026-01-28,Shopping
BigBasket,BigBasket INV-50442,2281.61,2025-11-13,Groceries
Ola,Ola,160.76,2025-09-17,Transport
Reliance Fresh,Reliance Fresh PAYMENT 49163,986.48,2025-09-22,Groceries
Apollo Pharmacy,Apollo Pharmacy REF#14211,1824.13,2025-11-13,Health
Zomato,Zomato,875.29,2026-07-08,Food & Dining
Cafe Coffee Day,Cafe Coffee Day,632.88,2026-03-28,Food & Dining
Amazon,Amazon,1340.9,2026-03-26,Shopping
Whole Foods,Whole Foods,2692.3,2026-07-24,Groceries
DMart,DMart REF#53580,3039.94,2025-08-18,Groceries
Apollo Pharmacy,Apollo Pharmacy TXN-89538,304.68,2026-02-06,Health
Amazon Prime,Amazon Prime,443.61,2026-07-10,Subscriptions
Dominos,Dominos,391.29,2026-04-15,Food & Dining
Netflix,Netflix ORDER-57624,286.06,2025-10-25,Subscriptions
Swiggy,Swiggy,599.89,2025-09-21,Food & Dining
Uber,Uber,727.46,2025-10-06,Transport
Jio Recharge,Jio Recharge ORDER-29462,778.82,2026-02-01,Utilities
Cafe Coffee Day,Cafe Coffee Day,407.12,2025-12-22,Food & Dining
Apollo Pharmacy,Apollo Pharmacy REF#9901,900.7,2025-11-04,Health
Zomato,Zomato,558.94,2026-05-08,Food & Dining
Water Utility,Water Utility INV-14632,756.99,2026-05-22,Utilities
IRCTC,IRCTC,7074.14,2025-12-28,Travel
Ola,Ola,83.47,2025-11-26,Transport
Uber,Uber,195.73,2026-01-31,Transport
Whole Foods,Whole Foods *92255,497.58,2026-05-31,Groceries
BookMyShow,BookMyShow ORDER-54657,395.41,2026-02-09,Entertainment
Water Utility,Water Utility *62853,1259.35,2025-09-26,Utilities
Zomato,Zomato ORDER-4766,1125.01,2025-09-06,Food & Dining
Cafe Coffee Day,Cafe Coffee Day,352.13,2026-02-11,Food & Dining
Gym Membership,Gym Membership,1449.6,2025-12-10,Health
BookMyShow,BookMyShow *79809,1993.62,2025-11-24,Entertainment
Flipkart,Flipkart,1682.24,2025-08-25,Shopping
Playstation Store,Playstation Store TXN-56424,274.65,2026-08-07,Entertainment
Rapido,Rapido PAYMENT 15565,487.26,2025-10-14,Transport
Amazon Stationery,Amazon Stationery,544.43,2026-02-20,Stationery
iCloud,iCloud TXN-12157,812.4,2025-12-15,Subscriptions
Local Restaurant,Local Restaurant *6100,645.83,2026-05-17,Food & Dining
BigBasket,BigBasket,883.93,2025-12-21,Groceries
IndianOil Petrol,IndianOil Petrol,274.76,2026-01-07,Transport
Amazon,Amazon REF#17102,4339.78,2025-12-19,Shopping
Uber,Uber,477.2,2025-10-17,Transport
Indigo Airlines,Indigo Airlines PAYMENT 92539,5857.21,2025-11-29,Travel
McDonalds,McDonalds,1283.25,2025-12-06,Food & Dining
Dominos,Dominos,559.96,2026-05-25,Food & Dining
Amazon Prime,Amazon Prime INV-71064,322.01,2026-01-26,Subscriptions
BigBasket,BigBasket INV-81609,1071.45,2026-03-14,Groceries
BigBasket,BigBasket,931.92,2025-10-25,Groceries
Rapido,Rapido REF#95115,523.45,2025-10-17,Transport
More Supermarket,More Supermarket INV-57808,928.2,2025-12-14,Groceries
IndianOil Petrol,IndianOil Petrol ORDER-65492,441.6,2025-10-13,Transport
Swiggy,Swiggy PAYMENT 39475,1004.39,2026-06-13,Food & Dining
More Supermarket,More Supermarket *50423,450.03,2026-01-05,Groceries
Gym Membership,Gym Membership,1280.79,2026-02-28,Health
Dominos,Dominos,675.33,2026-07-19,Food & Dining
Swiggy,Swiggy REF#3506,649.49,2026-05-20,Food & Dining
Playstation Store,Playstation Store REF#98838,397.91,2026-02-04,Entertainment
BookMyShow,BookMyShow INV-81565,1823.62,2026-02-06,Entertainment
Uber,Uber,322.03,2025-09-14,Transport
Flipkart,Flipkart REF#70192,2529.48,2026-07-29,Shopping
BSNL Broadband,BSNL Broadband,1007.75,2026-06-02,Utilities
Swiggy,Swiggy,425.5,2025-12-15,Food & Dining
Flipkart,Flipkart ORDER-32859,6431.69,2026-01-03,Shopping
McDonalds,McDonalds PAYMENT 5160,757.37,2026-06-04,Food & Dining
Cafe Coffee Day,Cafe Coffee Day REF#85694,337.96,2026-07-19,Food & Dining
Electricity Board,Electricity Board REF#74606,3353.82,2025-10-18,Utilities
MedPlus,MedPlus,1691.51,2025-11-15,Health
More Supermarket,More Supermarket REF#63041,728.15,2025-09-03,Groceries
Rapido,Rapido ORDER-76065,172.69,2026-03-13,Transport
Cafe Coffee Day,Cafe Coffee Day *41260,299.76,2026-06-24,Food & Dining
Uber,Uber REF#34118,387.08,2025-12-26,Transport
More Supermarket,More Supermarket TXN-19354,950.96,2026-07-04,Groceries
Nykaa,Nykaa,2803.56,2025-12-13,Shopping
Flipkart,Flipkart,2866.02,2026-03-29,Shopping
Myntra,Myntra INV-34054,2492.3,2025-09-16,Shopping
Whole Foods,Whole Foods,1200.48,2026-02-12,Groceries
McDonalds,McDonalds ORDER-66545,881.27,2025-10-10,Food & Dining
Ola,Ola TXN-42801,126.43,2025-12-15,Transport
Cult.fit,Cult.fit PAYMENT 9457,604.1,2026-07-30,Health
iCloud,iCloud ORDER-42900,1049.57,2025-10-28,Subscriptions
McDonalds,McDonalds INV-49214,447.62,2026-03-12,Food & Dining
Flipkart Stationery,Flipkart Stationery,490.06,2026-06-30,Stationery
McDonalds,McDonalds,1800.0,2025-10-31,Food & Dining
Local Restaurant,Local Restaurant *93917,593.43,2026-01-23,Food & Dining
Metro Card,Metro Card INV-45195,272.6,2026-06-09,Transport
McDonalds,McDonalds ORDER-86222,1026.38,2026-06-10,Food & Dining
Swiggy,Swiggy ORDER-10233,1123.57,2026-07-14,Food & Dining
Local Bookstore,Local Bookstore *75392,444.15,2026-06-01,Stationery
Flipkart,Flipkart INV-15991,2191.42,2026-05-18,Shopping
Ola,Ola *62009,204.16,2025-09-11,Transport
Uber,Uber REF#25662,900.0,2026-01-25,Transport
Cafe Coffee Day,Cafe Coffee Day REF#31960,815.55,2025-12-18,Food & Dining
Amazon Stationery,Amazon Stationery PAYMENT 41363,817.65,2025-12-12,Stationery
Reliance Fresh,Reliance Fresh PAYMENT 96149,2802.42,2025-12-17,Groceries
Rapido,Rapido REF#73560,170.69,2025-09-25,Transport
Netflix,Netflix,1351.98,2026-07-16,Subscriptions
Steam,Steam *16520,1515.05,2025-12-11,Entertainment
Dominos,Dominos INV-76745,463.61,2026-03-12,Food & Dining
Water Utility,Water Utility,692.49,2026-01-09,Utilities
IndianOil Petrol,IndianOil Petrol TXN-75599,286.82,2026-05-01,Transport
Amazon Prime,Amazon Prime,768.37,2025-11-25,Subscriptions
Whole Foods,Whole Foods *93342,1442.55,2025-12-28,Groceries
Myntra,Myntra,821.48,2025-10-19,Shopping
Local Restaurant,Local Restaurant TXN-67588,1179.23,2025-09-22,Food & Dining
YouTube Premium,YouTube Premium REF#16805,309.72,2026-03-20,Subscriptions
Ola,Ola,476.78,2026-08-15,Transport
Cult.fit,Cult.fit *79891,861.37,2026-02-04,Health
Flipkart Stationery,Flipkart Stationery ORDER-96929,207.94,2025-09-08,Stationery
OYO,OYO INV-59050,9692.54,2026-03-13,Travel
IndianOil Petrol,IndianOil Petrol INV-17743,195.71,2026-04-17,Transport
Flipkart,Flipkart,1772.28,2026-06-13,Shopping
Reliance Fresh,Reliance Fresh REF#88430,1471.68,2026-06-15,Groceries
Zomato,Zomato TXN-66772,1680.92,2026-03-28,Food & Dining
Zomato,Zomato TXN-39074,759.2,2025-10-04,Food & Dining
Whole Foods,Whole Foods *76099,1531.14,2026-05-08,Groceries
OYO,OYO,4588.16,2026-01-09,Travel
Dominos,Dominos ORDER-96388,270.08,2025-10-28,Food & Dining
Flipkart,Flipkart *36571,2038.05,2026-03-24,Shopping
BSNL Broadband,BSNL Broadband,1096.03,2025-10-05,Utilities
Zomato,Zomato PAYMENT 29412,806.29,2026-04-22,Food & Dining
Dominos,Dominos,878.82,2025-12-26,Food & Dining
McDonalds,McDonalds,1800.0,2026-01-05,Food & Dining
MedPlus,MedPlus ORDER-78532,742.61,2025-11-10,Health
Hostel Rent,Hostel Rent,8327.66,2026-05-19,Rent
Practo,Practo,1793.45,2025-08-29,Health
OYO,OYO INV-58404,11970.95,2026-03-22,Travel
Practo,Practo ORDER-93980,1749.92,2026-01-14,Health
Apollo Pharmacy,Apollo Pharmacy,830.91,2026-03-31,Health
Practo,Practo,647.37,2026-01-05,Health
Dominos,Dominos INV-29255,466.75,2025-09-25,Food & Dining
Swiggy,Swiggy REF#36290,1083.17,2026-05-02,Food & Dining
Flipkart,Flipkart ORDER-92742,1332.9,2026-07-26,Shopping
Netflix,Netflix PAYMENT 13264,476.83,2025-09-04,Subscriptions
Steam,Steam TXN-73260,1085.84,2026-01-25,Entertainment
YouTube Premium,YouTube Premium,1134.06,2025-09-03,Subscriptions
More Supermarket,More Supermarket,651.15,2026-02-24,Groceries
Ola,Ola TXN-96249,277.08,2026-04-21,Transport
More Supermarket,More Supermarket ORDER-67773,3514.18,2026-07-07,Groceries
PVR Cinemas,PVR Cinemas PAYMENT 8916,1140.64,2025-08-17,Entertainment
Jio Recharge,Jio Recharge TXN-5187,1026.42,2026-08-14,Utilities
Dominos,Dominos,486.69,2026-02-26,Food & Dining
Local Restaurant,Local Restaurant INV-23701,710.25,2026-05-14,Food & Dining
Gym Membership,Gym Membership INV-63677,913.43,2026-01-12,Health
BSNL Broadband,BSNL Broadband REF#71326,1325.69,2026-06-18,Utilities
DMart,DMart REF#55097,1391.25,2025-10-12,Groceries
Dominos,Dominos,296.32,2026-07-21,Food & Dining
PG Rent,PG Rent ORDER-45657,22165.03,2026-07-20,Rent
Nykaa,Nykaa PAYMENT 78881,2025.88,2026-04-20,Shopping
Cafe Coffee Day,Cafe Coffee Day,887.15,2026-01-11,Food & Dining
Apollo Pharmacy,Apollo Pharmacy ORDER-73796,1168.14,2026-03-13,Health
Dominos,Dominos PAYMENT 51398,1406.33,2026-01-25,Food & Dining
Uber,Uber ORDER-35268,114.03,2025-12-27,Transport
Local Restaurant,Local Restaurant ORDER-40537,1522.02,2026-07-07,Food & Dining
Cafe Coffee Day,Cafe Coffee Day *27127,489.83,2025-11-09,Food & Dining
BigBasket,BigBasket,1257.65,2026-06-26,Groceries
IndianOil Petrol,IndianOil Petrol PAYMENT 11929,274.78,2025-08-26,Transport
Cafe Coffee Day,Cafe Coffee Day *8418,440.38,2026-02-12,Food & Dining
Rapido,Rapido *26109,191.51,2026-02-17,Transport
Practo,Practo,864.04,2026-03-06,Health
Swiggy,Swiggy,1100.18,2026-02-23,Food & Dining
Nykaa,Nykaa ORDER-2725,1917.63,2025-08-22,Shopping
Rapido,Rapido,456.55,2026-04-29,Transport
Dominos,Dominos TXN-82879,535.68,2025-08-28,Food & Dining
Cafe Coffee Day,Cafe Coffee Day INV-16306,507.08,2026-01-02,Food & Dining
Swiggy,Swiggy TXN-97162,618.06,2026-03-09,Food & Dining
Gym Membership,Gym Membership ORDER-66227,365.07,2025-09-24,Health
PVR Cinemas,PVR Cinemas ORDER-2032,399.69,2026-03-16,Entertainment
Rapido,Rapido ORDER-96552,396.49,2025-11-01,Transport
Local Restaurant,Local Restaurant REF#42531,727.35,2026-06-22,Food & Dining
Nykaa,Nykaa,1189.01,2026-01-17,Shopping
Dominos,Dominos,457.94,2026-07-17,Food & Dining
Uber,Uber,207.09,2025-12-07,Transport
Swiggy,Swiggy,585.34,2026-08-10,Food & Dining
DMart,DMart INV-51695,369.27,2026-04-27,Groceries
Steam,Steam,1025.23,2026-08-16,Entertainment
Amazon Stationery,Amazon Stationery,761.2,2026-03-07,Stationery
Rapido,Rapido,225.53,2026-07-11,Transport
Water Utility,Water Utility,1400.41,2025-09-27,Utilities
MedPlus,MedPlus,263.78,2026-04-23,Health
Ola,Ola *94869,102.71,2026-04-15,Transport
BookMyShow,BookMyShow PAYMENT 33133,1753.74,2025-09-15,Entertainment
Myntra,Myntra ORDER-42232,3802.99,2025-11-01,Shopping
Electricity Board,Electricity Board,953.07,2025-08-18,Utilities
Metro Card,Metro Card,373.3,2026-04-23,Transport
H&M,H&M PAYMENT 93012,6063.08,2026-01-27,Shopping
Rapido,Rapido ORDER-55897,344.53,2025-09-26,Transport
Zomato,Zomato TXN-68249,453.49,2025-08-22,Food & Dining
Cafe Coffee Day,Cafe Coffee Day ORDER-5219,336.09,2026-03-28,Food & Dining
Rapido,Rapido,381.71,2026-07-02,Transport
iCloud,iCloud,1500.0,2026-03-18,Subscriptions
Ola,Ola,403.56,2026-01-13,Transport
Cafe Coffee Day,Cafe Coffee Day,1323.16,2026-02-22,Food & Dining
Dominos,Dominos TXN-80578,614.1,2026-08-01,Food & Dining
Swiggy,Swiggy REF#61980,1225.89,2026-06-21,Food & Dining
IRCTC,IRCTC TXN-68831,5125.01,2025-10-24,Travel
IndianOil Petrol,IndianOil Petrol,131.53,2026-01-25,Transport
BigBasket,BigBasket,1578.27,2025-08-18,Groceries
Myntra,Myntra,5033.65,2026-05-18,Shopping
Jio Recharge,Jio Recharge,3750.0,2026-06-16,Utilities
Uber,Uber,900.0,2025-12-09,Transport
McDonalds,McDonalds PAYMENT 76707,1800.0,2026-01-08,Food & Dining
Zomato,Zomato REF#73646,114.31,2026-03-10,Food & Dining
Myntra,Myntra,2170.01,2025-09-24,Shopping
Zomato,Zomato,1180.47,2025-11-15,Food & Dining
Playstation Store,Playstation Store,825.7,2026-06-12,Entertainment
PVR Cinemas,PVR Cinemas *36438,2250.0,2026-06-15,Entertainment
Nykaa,Nykaa,2134.82,2026-06-27,Shopping
Reliance Fresh,Reliance Fresh TXN-12071,2141.75,2025-12-12,Groceries
Gas Cylinder,Gas Cylinder TXN-62420,2373.47,2025-10-28,Utilities
Cafe Coffee Day,Cafe Coffee Day TXN-67170,615.29,2025-09-11,Food & Dining
Uber,Uber REF#39756,189.23,2026-04-14,Transport
More Supermarket,More Supermarket PAYMENT 49554,704.17,2026-05-29,Groceries
Myntra,Myntra,3159.35,2026-02-13,Shopping
More Supermarket,More Supermarket TXN-21873,1638.28,2026-06-21,Groceries
Cult.fit,Cult.fit TXN-57410,1795.11,2026-08-15,Health
Metro Card,Metro Card INV-15860,855.54,2025-12-22,Transport
Ola,Ola TXN-3415,361.09,2026-02-10,Transport
Apollo Pharmacy,Apollo Pharmacy REF#95584,1835.36,2026-07-25,Health
Electricity Board,Electricity Board,1220.4,2025-11-21,Utilities
BookMyShow,BookMyShow,411.22,2025-08-21,Entertainment
Local Restaurant,Local Restaurant,456.81,2026-06-12,Food & Dining
Dominos,Dominos *1803,937.23,2025-12-23,Food & Dining
Whole Foods,Whole Foods,1508.19,2026-01-03,Groceries
WH Smith,WH Smith REF#36036,1111.67,2026-08-11,Stationery
Classmate,Classmate INV-61809,1286.46,2025-08-31,Stationery
Jio Recharge,Jio Recharge TXN-62155,450.11,2026-04-24,Utilities
Nykaa,Nykaa,1657.49,2026-05-22,Shopping
Jio Recharge,Jio Recharge TXN-92589,788.36,2026-08-16,Utilities
Gym Membership,Gym Membership ORDER-55094,882.58,2025-10-22,Health
More Supermarket,More Supermarket,644.8,2026-03-31,Groceries
Whole Foods,Whole Foods REF#25551,2210.77,2026-05-21,Groceries
Nykaa,Nykaa INV-41581,4752.66,2026-02-02,Shopping
McDonalds,McDonalds INV-48105,828.91,2026-06-12,Food & Dining
Indigo Airlines,Indigo Airlines PAYMENT 87619,9497.48,2026-03-10,Travel
Whole Foods,Whole Foods,1199.16,2026-04-29,Groceries
Swiggy,Swiggy,993.09,2025-09-07,Food & Dining
Uber,Uber INV-97988,610.88,2025-11-12,Transport
OYO,OYO,3783.76,2026-01-22,Travel
Local Restaurant,Local Restaurant INV-11384,199.06,2026-06-02,Food & Dining
Ola,Ola ORDER-24020,153.79,2025-10-14,Transport
Cafe Coffee Day,Cafe Coffee Day INV-2735,695.56,2026-06-14,Food & Dining
PVR Cinemas,PVR Cinemas INV-49190,606.9,2025-12-05,Entertainment
Spotify,Spotify REF#89345,737.67,2025-12-20,Subscriptions
YouTube Premium,YouTube Premium INV-99168,258.34,2025-11-21,Subscriptions
Zomato,Zomato,670.12,2026-02-26,Food & Dining
Reliance Fresh,Reliance Fresh PAYMENT 29717,2138.96,2026-01-24,Groceries
Cafe Coffee Day,Cafe Coffee Day,377.99,2025-11-26,Food & Dining
Uber,Uber PAYMENT 46650,185.86,2025-10-02,Transport
Swiggy,Swiggy *59039,714.29,2026-07-10,Food & Dining
Nykaa,Nykaa,4295.92,2025-11-11,Shopping
Metro Card,Metro Card,665.14,2025-12-01,Transport
Steam,Steam TXN-44950,1020.69,2026-01-10,Entertainment
Metro Card,Metro Card ORDER-67375,225.47,2025-12-31,Transport
McDonalds,McDonalds REF#4221,387.42,2026-04-12,Food & Dining
IndianOil Petrol,IndianOil Petrol,273.09,2026-07-05,Transport
BSNL Broadband,BSNL Broadband *49633,3750.0,2026-02-22,Utilities
Netflix,Netflix INV-13811,861.14,2026-01-28,Subscriptions
Gym Membership,Gym Membership TXN-55334,1579.01,2025-08-20,Health
Local Restaurant,Local Restaurant,628.13,2025-10-06,Food & Dining
Uber,Uber ORDER-57641,781.58,2025-11-19,Transport
Ola,Ola INV-57112,900.0,2026-06-06,Transport
IndianOil Petrol,IndianOil Petrol,225.65,2025-12-18,Transport
Dominos,Dominos,547.27,2026-07-29,Food & Dining
Indigo Airlines,Indigo Airlines *14236,5793.62,2025-12-13,Travel
PVR Cinemas,PVR Cinemas,2250.0,2026-06-07,Entertainment
Metro Card,Metro Card *91539,313.37,2026-01-16,Transport
McDonalds,McDonalds TXN-17125,1191.88,2026-06-02,Food & Dining
Playstation Store,Playstation Store ORDER-40637,717.15,2025-09-12,Entertainment
Whole Foods,Whole Foods,403.7,2026-02-09,Groceries
More Supermarket,More Supermarket,1724.13,2025-10-30,Groceries
DMart,DMart,626.23,2025-12-14,Groceries
McDonalds,McDonalds,704.91,2026-08-01,Food & Dining
Swiggy,Swiggy PAYMENT 72167,496.06,2025-10-06,Food & Dining
Myntra,Myntra INV-49421,4714.91,2026-04-14,Shopping
Amazon,Amazon,1262.11,2025-10-04,Shopping
MakeMyTrip,MakeMyTrip REF#37218,22500.0,2026-03-08,Travel
Flipkart,Flipkart *51722,1938.27,2026-03-21,Shopping
Zomato,Zomato,319.58,2026-07-24,Food & Dining
Netflix,Netflix,670.71,2025-11-15,Subscriptions
Metro Card,Metro Card *78634,189.23,2025-08-16,Transport
iCloud,iCloud TXN-18198,681.37,2026-07-12,Subscriptions
BigBasket,BigBasket,3750.0,2026-01-17,Groceries
Myntra,Myntra,1734.32,2026-03-21,Shopping
Flipkart,Flipkart ORDER-34312,2116.98,2026-04-19,Shopping
Rapido,Rapido PAYMENT 89535,435.24,2025-11-07,Transport
Whole Foods,Whole Foods REF#90023,1095.41,2025-09-27,Groceries
Nykaa,Nykaa,1615.79,2026-03-11,Shopping
Water Utility,Water Utility,986.72,2026-02-28,Utilities
Amazon,Amazon PAYMENT 55472,2574.75,2026-07-25,Shopping
Dominos,Dominos,576.1,2025-12-26,Food & Dining
Steam,Steam *48966,1250.36,2026-04-03,Entertainment
Nykaa,Nykaa REF#14737,3503.9,2026-05-16,Shopping
Flipkart Stationery,Flipkart Stationery,724.52,2026-05-15,Stationery
More Supermarket,More Supermarket,1090.17,2026-08-13,Groceries
Steam,Steam PAYMENT 6462,180.22,2026-04-05,Entertainment
DMart,DMart,474.55,2026-04-23,Groceries
BSNL Broadband,BSNL Broadband,925.17,2026-02-21,Utilities
Swiggy,Swiggy,762.32,2025-08-28,Food & Dining
McDonalds,McDonalds,1013.84,2025-08-24,Food & Dining
DMart,DMart,785.08,2025-10-12,Groceries
Amazon,Amazon TXN-11116,1194.46,2025-12-21,Shopping
DMart,DMart INV-64777,1060.21,2025-10-29,Groceries
Dominos,Dominos,285.87,2026-04-07,Food & Dining
Practo,Practo,591.53,2026-05-11,Health
Cafe Coffee Day,Cafe Coffee Day TXN-79969,392.63,2025-09-04,Food & Dining
BSNL Broadband,BSNL Broadband PAYMENT 67291,1033.24,2025-10-06,Utilities
More Supermarket,More Supermarket INV-39681,1588.72,2026-07-08,Groceries
Reliance Fresh,Reliance Fresh INV-85676,1265.97,2025-12-25,Groceries
BigBasket,BigBasket ORDER-25219,2056.56,2026-03-25,Groceries
WH Smith,WH Smith *70768,841.36,2026-06-27,Stationery
Local Restaurant,Local Restaurant REF#75248,707.37,2025-09-10,Food & Dining
Steam,Steam REF#97993,622.96,2026-03-27,Entertainment
Zomato,Zomato INV-6095,1105.39,2026-04-29,Food & Dining
Amazon Prime,Amazon Prime,1500.0,2026-07-29,Subscriptions
Cafe Coffee Day,Cafe Coffee Day,311.63,2026-03-16,Food & Dining
Ola,Ola,352.45,2026-07-07,Transport
BigBasket,BigBasket TXN-8452,2250.65,2026-01-29,Groceries
Flipkart,Flipkart PAYMENT 77159,6453.26,2026-06-23,Shopping
Gas Cylinder,Gas Cylinder PAYMENT 62438,2084.21,2026-05-20,Utilities
Reliance Fresh,Reliance Fresh REF#45498,955.85,2026-02-06,Groceries
Cafe Coffee Day,Cafe Coffee Day TXN-69861,225.8,2026-04-28,Food & Dining
Nykaa,Nykaa PAYMENT 4329,7500.0,2025-12-24,Shopping
Electricity Board,Electricity Board INV-63871,662.8,2025-09-25,Utilities
Zomato,Zomato,931.81,2025-11-30,Food & Dining
Swiggy,Swiggy PAYMENT 88508,620.07,2026-01-24,Food & Dining
Swiggy,Swiggy,708.03,2026-06-11,Food & Dining
Rapido,Rapido REF#73033,410.56,2025-08-27,Transport
Flipkart Stationery,Flipkart Stationery,827.75,2026-02-24,Stationery
Indigo Airlines,Indigo Airlines,5784.61,2025-10-18,Travel
Local Bookstore,Local Bookstore REF#23512,779.5,2026-06-04,Stationery
Steam,Steam,350.76,2026-03-09,Entertainment
Swiggy,Swiggy REF#41964,1386.06,2026-06-18,Food & Dining
Gas Cylinder,Gas Cylinder INV-83084,982.71,2026-07-22,Utilities
Cafe Coffee Day,Cafe Coffee Day,873.75,2026-05-17,Food & Dining
Metro Card,Metro Card,183.91,2026-04-10,Transport
YouTube Premium,YouTube Premium REF#537,207.7,2026-03-08,Subscriptions
McDonalds,McDonalds INV-22679,480.1,2026-04-10,Food & Dining
Reliance Fresh,Reliance Fresh INV-54901,1080.51,2026-06-09,Groceries
Metro Card,Metro Card,900.0,2026-07-07,Transport
Gas Cylinder,Gas Cylinder ORDER-78686,2641.8,2026-04-30,Utilities
Uber,Uber,820.63,2025-08-27,Transport
Electricity Board,Electricity Board INV-12023,1204.3,2026-04-14,Utilities
More Supermarket,More Supermarket INV-51131,2562.94,2026-06-19,Groceries
Practo,Practo PAYMENT 48473,1290.71,2025-11-06,Health
Zomato,Zomato,1376.32,2026-04-14,Food & Dining
Local Restaurant,Local Restaurant TXN-75807,552.75,2025-08-31,Food & Dining
Zomato,Zomato PAYMENT 31804,745.19,2026-06-20,Food & Dining
Classmate,Classmate INV-14669,703.28,2026-04-29,Stationery
Practo,Practo TXN-60683,923.17,2025-11-05,Health
BigBasket,BigBasket INV-88819,825.62,2025-09-01,Groceries
Rapido,Rapido PAYMENT 9322,206.64,2026-04-13,Transport
Monthly Rent,Monthly Rent ORDER-93920,24141.69,2026-05-18,Rent
Amazon,Amazon INV-3209,2528.01,2026-05-16,Shopping
Gym Membership,Gym Membership REF#52318,740.66,2025-09-15,Health
Nykaa,Nykaa REF#52454,2540.07,2025-09-05,Shopping
Uber,Uber PAYMENT 56275,297.46,2026-07-14,Transport
Reliance Fresh,Reliance Fresh *98872,1270.22,2025-12-28,Groceries
Myntra,Myntra,7500.0,2026-02-19,Shopping
iCloud,iCloud,465.74,2026-04-20,Subscriptions
Electricity Board,Electricity Board PAYMENT 93040,1524.34,2025-09-22,Utilities
Cafe Coffee Day,Cafe Coffee Day REF#38804,632.04,2025-12-27,Food & Dining
Dominos,Dominos INV-33906,793.83,2026-04-03,Food & Dining
Gas Cylinder,Gas Cylinder,1112.92,2025-10-26,Utilities
McDonalds,McDonalds *47642,568.81,2026-02-21,Food & Dining
Cafe Coffee Day,Cafe Coffee Day,1626.03,2025-11-05,Food & Dining
H&M,H&M REF#20342,6423.3,2026-07-26,Shopping
Amazon,Amazon *38416,2698.49,2025-10-30,Shopping
Cafe Coffee Day,Cafe Coffee Day ORDER-27842,472.16,2025-12-10,Food & Dining
Local Restaurant,Local Restaurant REF#47831,656.43,2025-08-22,Food & Dining
BookMyShow,BookMyShow PAYMENT 62617,492.27,2026-05-07,Entertainment
Dominos,Dominos INV-20531,629.14,2026-02-08,Food & Dining
Ola,Ola REF#49642,592.53,2026-05-10,Transport
Metro Card,Metro Card,69.41,2025-11-10,Transport
iCloud,iCloud,177.1,2025-08-23,Subscriptions
Cafe Coffee Day,Cafe Coffee Day TXN-36579,1147.34,2025-12-08,Food & Dining
Flipkart,Flipkart,2579.45,2025-10-16,Shopping
Rapido,Rapido ORDER-97913,50.0,2026-07-08,Transport
BookMyShow,BookMyShow,1618.19,2026-05-11,Entertainment
H&M,H&M INV-13055,4531.29,2026-03-08,Shopping
IndianOil Petrol,IndianOil Petrol *70191,178.41,2026-01-01,Transport
Metro Card,Metro Card ORDER-58641,530.87,2025-09-25,Transport
McDonalds,McDonalds INV-24044,1395.81,2025-12-25,Food & Dining
Myntra,Myntra TXN-90492,3391.58,2025-12-19,Shopping
Cafe Coffee Day,Cafe Coffee Day,551.72,2026-06-23,Food & Dining
Flipkart,Flipkart,2386.81,2025-09-17,Shopping
Zomato,Zomato *99934,1054.62,2025-12-18,Food & Dining
Ola,Ola ORDER-41893,242.34,2026-05-17,Transport
BigBasket,BigBasket,2736.55,2026-04-17,Groceries
McDonalds,McDonalds *28279,520.39,2026-05-20,Food & Dining
Swiggy,Swiggy *56428,553.43,2025-08-20,Food & Dining
BigBasket,BigBasket INV-25632,541.27,2026-03-30,Groceries
Jio Recharge,Jio Recharge ORDER-33097,2212.16,2026-04-06,Utilities
Electricity Board,Electricity Board,731.29,2026-04-25,Utilities
Metro Card,Metro Card,82.74,2026-01-08,Transport
IndianOil Petrol,IndianOil Petrol REF#88946,171.26,2026-02-06,Transport
Local Restaurant,Local Restaurant ORDER-99270,428.8,2026-03-29,Food & Dining
Metro Card,Metro Card *61770,176.94,2026-01-26,Transport
Zomato,Zomato,766.35,2026-03-25,Food & Dining
Cult.fit,Cult.fit INV-90141,383.77,2026-02-07,Health
Cafe Coffee Day,Cafe Coffee Day,507.18,2025-10-10,Food & Dining
Dominos,Dominos PAYMENT 13589,481.0,2026-05-14,Food & Dining
Indigo Airlines,Indigo Airlines,5938.29,2025-12-01,Travel
Swiggy,Swiggy TXN-20801,421.81,2026-03-06,Food & Dining
Zomato,Zomato PAYMENT 85754,991.78,2026-05-07,Food & Dining
Uber,Uber TXN-34552,187.65,2025-12-31,Transport
Cult.fit,Cult.fit,685.9,2026-01-18,Health
Flipkart,Flipkart PAYMENT 40472,1329.76,2026-01-24,Shopping
Ola,Ola,387.47,2026-03-17,Transport
Rapido,Rapido TXN-59985,202.34,2026-07-12,Transport
More Supermarket,More Supermarket TXN-27442,2335.81,2026-08-11,Groceries
Zomato,Zomato ORDER-42284,938.15,2026-02-23,Food & Dining
McDonalds,McDonalds,200.98,2026-05-28,Food & Dining
Dominos,Dominos,583.82,2026-04-30,Food & Dining
Dominos,Dominos INV-62972,201.48,2026-01-29,Food & Dining
Gas Cylinder,Gas Cylinder INV-51226,727.22,2025-09-08,Utilities
iCloud,iCloud TXN-36818,430.52,2026-04-22,Subscriptions
Gas Cylinder,Gas Cylinder ORDER-7455,1066.52,2025-09-15,Utilities
Swiggy,Swiggy,209.63,2026-02-21,Food & Dining
DMart,DMart REF#96103,1588.91,2025-09-22,Groceries
Dominos,Dominos *39271,1800.0,2025-11-01,Food & Dining
Uber,Uber TXN-43070,748.2,2026-03-28,Transport
BookMyShow,BookMyShow *69702,250.04,2025-12-27,Entertainment
Amazon,Amazon ORDER-91752,2789.69,2025-10-26,Shopping
Cafe Coffee Day,Cafe Coffee Day PAYMENT 98046,447.93,2026-02-16,Food & Dining
Swiggy,Swiggy,847.83,2026-04-12,Food & Dining
Swiggy,Swiggy REF#33570,469.78,2026-08-11,Food & Dining
Indigo Airlines,Indigo Airlines ORDER-84279,2410.12,2025-10-26,Travel
Uber,Uber,294.73,2026-04-22,Transport
Classmate,Classmate ORDER-74249,264.42,2026-02-23,Stationery
DMart,DMart REF#70722,1542.74,2026-05-01,Groceries
Gas Cylinder,Gas Cylinder,3750.0,2026-07-06,Utilities
DMart,DMart,1519.47,2026-05-28,Groceries
Metro Card,Metro Card *61500,231.06,2025-09-29,Transport
Local Bookstore,Local Bookstore INV-56585,356.99,2025-09-22,Stationery
IndianOil Petrol,IndianOil Petrol,576.79,2025-11-01,Transport
H&M,H&M PAYMENT 69268,1028.44,2026-02-05,Shopping
Flipkart,Flipkart ORDER-52720,4131.59,2026-03-25,Shopping
Whole Foods,Whole Foods,468.54,2026-03-03,Groceries
Rapido,Rapido TXN-76695,900.0,2025-12-26,Transport
Cafe Coffee Day,Cafe Coffee Day,1800.0,2026-04-07,Food & Dining
Steam,Steam,559.19,2026-02-13,Entertainment
Steam,Steam,236.64,2025-11-29,Entertainment
Rapido,Rapido,458.66,2025-09-05,Transport
Reliance Fresh,Reliance Fresh,2428.96,2026-01-24,Groceries
Cafe Coffee Day,Cafe Coffee Day REF#30637,258.36,2026-03-21,Food & Dining
Swiggy,Swiggy ORDER-18097,1113.21,2026-02-13,Food & Dining
IRCTC,IRCTC PAYMENT 3432,4445.7,2025-10-18,Travel
Amazon,Amazon PAYMENT 6550,2800.7,2025-11-30,Shopping
Uber,Uber PAYMENT 77460,289.94,2025-11-29,Transport
Whole Foods,Whole Foods *75899,1767.41,2025-11-13,Groceries
DMart,DMart ORDER-64208,1279.35,2025-12-01,Groceries
McDonalds,McDonalds,839.18,2026-01-25,Food & Dining
Whole Foods,Whole Foods,585.18,2026-05-02,Groceries
Reliance Fresh,Reliance Fresh,1543.75,2026-04-06,Groceries
Rapido,Rapido REF#47337,67.42,2025-10-06,Transport
Cult.fit,Cult.fit,1279.36,2026-03-26,Health
Flipkart,Flipkart INV-51176,2448.43,2026-07-15,Shopping
DMart,DMart INV-84950,725.1,2026-01-03,Groceries
Reliance Fresh,Reliance Fresh,2100.63,2025-12-21,Groceries
Uber,Uber INV-61679,576.82,2025-10-26,Transport
Whole Foods,Whole Foods,2362.65,2025-12-01,Groceries
BSNL Broadband,BSNL Broadband,962.34,2025-11-04,Utilities
Uber,Uber,338.1,2025-11-01,Transport
YouTube Premium,YouTube Premium TXN-4029,499.82,2025-10-11,Subscriptions
Zomato,Zomato REF#34857,1800.0,2026-07-02,Food & Dining
BigBasket,BigBasket REF#3835,1665.38,2025-08-29,Groceries
Reliance Fresh,Reliance Fresh PAYMENT 6194,1266.66,2025-10-28,Groceries
PVR Cinemas,PVR Cinemas,1335.12,2026-05-11,Entertainment
Local Restaurant,Local Restaurant ORDER-55134,780.22,2025-12-08,Food & Dining
BigBasket,BigBasket PAYMENT 54504,754.18,2026-04-16,Groceries
Metro Card,Metro Card,382.1,2025-10-23,Transport
Rapido,Rapido TXN-42420,291.46,2025-12-25,Transport
Zomato,Zomato,359.61,2026-06-26,Food & Dining
IndianOil Petrol,IndianOil Petrol,412.77,2026-06-04,Transport
Reliance Fresh,Reliance Fresh,653.73,2025-10-28,Groceries
More Supermarket,More Supermarket,1564.54,2026-03-10,Groceries
Zomato,Zomato,435.53,2025-11-18,Food & Dining
H&M,H&M INV-77535,1860.97,2026-04-09,Shopping
Gas Cylinder,Gas Cylinder TXN-43084,1525.34,2025-12-30,Utilities
H&M,H&M INV-4585,1277.25,2026-06-08,Shopping
PVR Cinemas,PVR Cinemas ORDER-26038,1005.92,2026-07-05,Entertainment
More Supermarket,More Supermarket,2866.07,2026-07-06,Groceries
Swiggy,Swiggy PAYMENT 63518,473.87,2026-06-04,Food & Dining
Dominos,Dominos PAYMENT 59358,541.59,2026-06-07,Food & Dining
Metro Card,Metro Card,672.54,2025-12-28,Transport
Dominos,Dominos REF#44304,590.86,2026-05-06,Food & Dining
Dominos,Dominos PAYMENT 72045,485.88,2026-02-06,Food & Dining
BigBasket,BigBasket,2007.67,2026-02-07,Groceries
Dominos,Dominos,922.1,2026-07-10,Food & Dining
Cafe Coffee Day,Cafe Coffee Day ORDER-15865,1162.94,2026-04-07,Food & Dining
McDonalds,McDonalds REF#59418,365.61,2026-02-09,Food & Dining
WH Smith,WH Smith,961.16,2025-09-27,Stationery
OYO,OYO TXN-18674,6159.07,2026-05-04,Travel
Swiggy,Swiggy TXN-96229,185.7,2025-08-24,Food & Dining
Metro Card,Metro Card *69641,364.77,2025-11-01,Transport
Steam,Steam *30302,1172.21,2026-02-17,Entertainment
Classmate,Classmate,713.54,2025-11-09,Stationery
Cafe Coffee Day,Cafe Coffee Day *29756,406.38,2026-07-06,Food & Dining
BookMyShow,BookMyShow *80010,833.2,2025-11-01,Entertainment
Cafe Coffee Day,Cafe Coffee Day,1241.28,2025-09-10,Food & Dining
Uber,Uber,217.04,2026-03-19,Transport
H&M,H&M,7103.83,2026-01-16,Shopping
Metro Card,Metro Card TXN-96236,142.64,2026-01-22,Transport
Monthly Rent,Monthly Rent,34595.08,2025-09-15,Rent
PVR Cinemas,PVR Cinemas PAYMENT 20998,2026.24,2025-12-18,Entertainment
Local Restaurant,Local Restaurant,322.24,2025-11-23,Food & Dining
Local Bookstore,Local Bookstore,1182.77,2026-01-04,Stationery
H&M,H&M TXN-27078,933.55,2026-07-26,Shopping
Amazon,Amazon,7319.01,2026-01-30,Shopping
Dominos,Dominos INV-78539,684.31,2025-10-07,Food & Dining
Nykaa,Nykaa ORDER-71043,2162.78,2026-01-15,Shopping
Uber,Uber INV-44844,515.02,2025-09-21,Transport
MakeMyTrip,MakeMyTrip,4321.21,2025-09-05,Travel
Metro Card,Metro Card TXN-93129,194.13,2026-06-11,Transport
Playstation Store,Playstation Store,363.12,2026-01-12,Entertainment
WH Smith,WH Smith,1823.92,2026-06-20,Stationery
MedPlus,MedPlus INV-56785,465.54,2026-04-26,Health
Jio Recharge,Jio Recharge,1422.18,2026-01-06,Utilities
Swiggy,Swiggy REF#55103,879.54,2026-05-03,Food & Dining
Local Restaurant,Local Restaurant,197.84,2026-02-14,Food & Dining
Playstation Store,Playstation Store,1102.27,2025-12-18,Entertainment
IndianOil Petrol,IndianOil Petrol ORDER-92968,110.51,2025-12-30,Transport
Jio Recharge,Jio Recharge PAYMENT 79611,848.82,2026-06-01,Utilities
Airbnb,Airbnb,10530.33,2026-02-27,Travel
Gym Membership,Gym Membership,295.78,2026-07-11,Health
Flipkart Stationery,Flipkart Stationery REF#76137,543.96,2025-12-16,Stationery
Amazon Prime,Amazon Prime PAYMENT 94247,360.7,2026-03-19,Subscriptions
McDonalds,McDonalds PAYMENT 75249,1524.63,2026-03-29,Food & Dining
Reliance Fresh,Reliance Fresh INV-97668,1602.18,2026-03-08,Groceries
Amazon,Amazon,1937.55,2025-08-29,Shopping
Gas Cylinder,Gas Cylinder ORDER-38409,2629.09,2026-01-31,Utilities
Playstation Store,Playstation Store REF#47100,718.4,2026-04-06,Entertainment
Dominos,Dominos REF#58559,471.45,2025-12-21,Food & Dining
Zomato,Zomato INV-34594,463.73,2026-08-08,Food & Dining
McDonalds,McDonalds,325.74,2026-05-28,Food & Dining
Metro Card,Metro Card TXN-65614,301.86,2026-02-10,Transport
Dominos,Dominos *97074,670.24,2026-06-27,Food & Dining
Local Bookstore,Local Bookstore REF#13377,1687.86,2026-01-25,Stationery
Reliance Fresh,Reliance Fresh REF#81600,525.72,2026-03-11,Groceries
Cafe Coffee Day,Cafe Coffee Day TXN-34792,382.39,2026-02-27,Food & Dining
Rapido,Rapido PAYMENT 47477,365.85,2026-02-04,Transport
PG Rent,PG Rent,24741.71,2026-01-28,Rent
McDonalds,McDonalds INV-84288,394.72,2026-05-02,Food & Dining
Steam,Steam TXN-52262,613.93,2026-05-18,Entertainment
Whole Foods,Whole Foods ORDER-93379,1314.01,2025-10-02,Groceries
YouTube Premium,YouTube Premium REF#19205,454.97,2026-03-11,Subscriptions
Rapido,Rapido,369.49,2026-03-07,Transport
Hostel Rent,Hostel Rent *74825,12160.01,2026-01-13,Rent
Dominos,Dominos,670.96,2025-12-09,Food & Dining
Swiggy,Swiggy,403.35,2026-01-03,Food & Dining
H&M,H&M TXN-29700,4004.02,2025-12-06,Shopping
BookMyShow,BookMyShow,537.74,2025-10-29,Entertainment
Whole Foods,Whole Foods PAYMENT 57634,406.45,2026-06-25,Groceries
Metro Card,Metro Card,629.01,2026-06-02,Transport
Ola,Ola INV-75526,386.32,2026-03-08,Transport
Classmate,Classmate INV-47806,1135.71,2025-12-27,Stationery
Local Restaurant,Local Restaurant,1698.45,2026-02-21,Food & Dining
McDonalds,McDonalds TXN-42260,471.85,2026-08-05,Food & Dining
Amazon Stationery,Amazon Stationery,443.08,2025-12-20,Stationery
WH Smith,WH Smith INV-62455,613.64,2026-05-02,Stationery
BigBasket,BigBasket,1955.72,2026-06-21,Groceries
Flipkart,Flipkart,2509.18,2026-05-26,Shopping
Gym Membership,Gym Membership *57492,936.59,2026-04-08,Health
Uber,Uber ORDER-73494,872.87,2025-11-11,Transport
H&M,H&M,2199.97,2026-02-09,Shopping
Flipkart,Flipkart INV-36287,1280.31,2025-09-18,Shopping
OYO,OYO INV-78446,4291.73,2025-08-30,Travel
H&M,H&M PAYMENT 28307,811.03,2025-10-23,Shopping
Zomato,Zomato,371.21,2026-08-07,Food & Dining
BSNL Broadband,BSNL Broadband PAYMENT 19004,1201.41,2026-05-03,Utilities
Amazon Stationery,Amazon Stationery REF#988,1311.66,2026-06-12,Stationery
BigBasket,BigBasket *15787,1430.26,2026-02-15,Groceries
More Supermarket,More Supermarket *54325,1997.24,2025-09-17,Groceries
Nykaa,Nykaa *99560,3881.78,2025-12-21,Shopping
Apollo Pharmacy,Apollo Pharmacy INV-64977,3000.0,2025-08-31,Health
Zomato,Zomato PAYMENT 75335,795.31,2025-10-03,Food & Dining
Amazon,Amazon PAYMENT 91380,3796.18,2026-03-12,Shopping
Practo,Practo,1444.62,2025-11-17,Health
Flipkart,Flipkart,1576.94,2025-12-23,Shopping
Ola,Ola REF#84933,305.69,2025-12-10,Transport
Dominos,Dominos,851.14,2025-10-03,Food & Dining
Electricity Board,Electricity Board,1716.72,2026-05-28,Utilities
Cafe Coffee Day,Cafe Coffee Day,1140.87,2026-05-13,Food & Dining
Local Restaurant,Local Restaurant *49230,1800.0,2026-06-02,Food & Dining
PG Rent,PG Rent INV-81478,13601.54,2025-11-20,Rent
Uber,Uber ORDER-89645,386.25,2026-02-08,Transport
Jio Recharge,Jio Recharge TXN-57863,1349.48,2026-06-05,Utilities
iCloud,iCloud *19610,1229.44,2025-11-14,Subscriptions
Uber,Uber ORDER-70562,145.94,2026-06-30,Transport
Playstation Store,Playstation Store,1774.5,2025-10-16,Entertainment
Flipkart,Flipkart *22039,2019.09,2026-06-14,Shopping
IndianOil Petrol,IndianOil Petrol TXN-80472,155.18,2026-06-20,Transport
MakeMyTrip,MakeMyTrip *51066,7129.08,2026-07-19,Travel
OYO,OYO,7663.33,2026-07-24,Travel
Swiggy,Swiggy PAYMENT 24786,203.69,2025-12-16,Food & Dining
DMart,DMart PAYMENT 86562,2681.08,2025-09-15,Groceries
Practo,Practo *12021,1119.03,2025-10-05,Health
Zomato,Zomato *75477,1488.5,2026-05-12,Food & Dining
Ola,Ola,230.42,2026-05-22,Transport
DMart,DMart REF#82195,1039.85,2025-11-25,Groceries
Uber,Uber PAYMENT 3223,341.41,2025-09-27,Transport
Local Restaurant,Local Restaurant,224.52,2026-04-20,Food & Dining
Classmate,Classmate,753.64,2026-01-10,Stationery
Cult.fit,Cult.fit ORDER-40354,390.34,2025-11-20,Health
Steam,Steam *22822,880.7,2026-06-04,Entertainment
Amazon,Amazon ORDER-6287,2085.17,2026-05-16,Shopping
Swiggy,Swiggy *6972,1034.6,2026-02-12,Food & Dining
Myntra,Myntra INV-66733,1513.77,2026-03-26,Shopping
McDonalds,McDonalds,371.32,2026-02-21,Food & Dining
Zomato,Zomato TXN-29141,645.22,2026-04-07,Food & Dining
Reliance Fresh,Reliance Fresh PAYMENT 27197,1798.72,2025-11-28,Groceries
BSNL Broadband,BSNL Broadband PAYMENT 27104,511.49,2025-09-08,Utilities
Reliance Fresh,Reliance Fresh ORDER-31608,1409.08,2026-01-11,Groceries
Netflix,Netflix TXN-51207,838.98,2026-02-01,Subscriptions
Local Restaurant,Local Restaurant,370.12,2026-03-09,Food & Dining
Zomato,Zomato REF#55522,773.65,2026-07-24,Food & Dining
Myntra,Myntra REF#26953,6213.94,2026-07-02,Shopping
Myntra,Myntra,3248.57,2026-01-02,Shopping
Cult.fit,Cult.fit REF#24937,1655.52,2026-02-25,Health
Ola,Ola ORDER-82221,450.21,2026-06-19,Transport
DMart,DMart TXN-86995,1424.35,2026-04-02,Groceries
DMart,DMart ORDER-20930,541.13,2025-10-13,Groceries
Ola,Ola,347.7,2025-11-17,Transport
Amazon,Amazon,1568.03,2026-07-30,Shopping
Uber,Uber,401.0,2026-01-08,Transport
DMart,DMart ORDER-72812,1154.43,2025-11-27,Groceries
McDonalds,McDonalds ORDER-61567,594.14,2026-05-08,Food & Dining
DMart,DMart,1595.48,2025-09-04,Groceries
Flipkart,Flipkart TXN-57240,2692.75,2025-09-19,Shopping
IndianOil Petrol,IndianOil Petrol PAYMENT 78350,376.13,2025-10-28,Transport
Flipkart,Flipkart TXN-27681,859.18,2026-04-30,Shopping
More Supermarket,More Supermarket TXN-44841,2869.69,2025-08-23,Groceries
Local Restaurant,Local Restaurant,448.53,2025-11-13,Food & Dining
Electricity Board,Electricity Board PAYMENT 20166,752.15,2026-03-04,Utilities
Ola,Ola,229.48,2025-12-09,Transport
Amazon,Amazon,3176.17,2026-03-28,Shopping
Zomato,Zomato,292.39,2026-05-13,Food & Dining
Ola,Ola ORDER-14696,737.58,2026-01-25,Transport
Uber,Uber ORDER-81179,515.76,2026-05-16,Transport
Amazon,Amazon,960.58,2026-01-27,Shopping
Whole Foods,Whole Foods,462.67,2025-12-13,Groceries
Reliance Fresh,Reliance Fresh *15781,646.62,2026-03-02,Groceries
BookMyShow,BookMyShow,2199.56,2025-09-03,Entertainment
Nykaa,Nykaa,2180.28,2026-04-16,Shopping
Flipkart,Flipkart,1922.18,2026-03-02,Shopping
Rapido,Rapido REF#83553,194.44,2025-12-22,Transport
Spotify,Spotify PAYMENT 70414,1500.0,2025-11-02,Subscriptions
Dominos,Dominos,1445.1,2026-01-09,Food & Dining
Local Bookstore,Local Bookstore TXN-48344,770.53,2025-12-25,Stationery
Uber,Uber TXN-5677,279.37,2026-01-16,Transport
Nykaa,Nykaa,7341.12,2026-05-20,Shopping
Water Utility,Water Utility PAYMENT 55299,1921.02,2025-11-30,Utilities
Metro Card,Metro Card PAYMENT 51013,274.07,2026-04-04,Transport
Dominos,Dominos PAYMENT 17547,495.25,2026-07-22,Food & Dining
Dominos,Dominos INV-25130,1800.0,2025-12-05,Food & Dining
Indigo Airlines,Indigo Airlines *47733,9219.23,2026-07-19,Travel
Rapido,Rapido,535.45,2026-03-13,Transport
IndianOil Petrol,IndianOil Petrol ORDER-71249,365.75,2026-04-13,Transport
Cafe Coffee Day,Cafe Coffee Day,1151.68,2026-07-01,Food & Dining
McDonalds,McDonalds INV-50469,1153.7,2025-11-04,Food & Dining
IndianOil Petrol,IndianOil Petrol,792.33,2026-03-30,Transport
Metro Card,Metro Card REF#97876,568.27,2025-11-12,Transport
Playstation Store,Playstation Store PAYMENT 75475,261.67,2026-07-10,Entertainment
Local Restaurant,Local Restaurant,436.4,2026-03-14,Food & Dining
Nykaa,Nykaa REF#80100,5450.63,2026-04-22,Shopping
BSNL Broadband,BSNL Broadband,803.14,2026-07-03,Utilities
Reliance Fresh,Reliance Fresh,630.08,2025-08-26,Groceries
DMart,DMart,849.92,2026-02-14,Groceries
McDonalds,McDonalds REF#81788,624.05,2025-09-18,Food & Dining
Jio Recharge,Jio Recharge PAYMENT 44483,1866.63,2026-04-01,Utilities
Swiggy,Swiggy *21046,597.16,2025-10-06,Food & Dining
Local Restaurant,Local Restaurant ORDER-69870,377.9,2026-03-16,Food & Dining
Uber,Uber *82502,231.93,2026-05-30,Transport
Classmate,Classmate TXN-14958,816.25,2026-08-04,Stationery
Whole Foods,Whole Foods,1727.99,2026-03-31,Groceries
Amazon Prime,Amazon Prime,707.97,2026-04-15,Subscriptions
Whole Foods,Whole Foods REF#57894,452.46,2026-08-03,Groceries
McDonalds,McDonalds PAYMENT 88149,722.96,2025-08-26,Food & Dining
Amazon Prime,Amazon Prime,1328.68,2025-09-28,Subscriptions
BSNL Broadband,BSNL Broadband,1147.99,2026-07-28,Utilities
MakeMyTrip,MakeMyTrip,6179.38,2026-07-24,Travel
H&M,H&M REF#79111,5606.37,2025-09-27,Shopping
Metro Card,Metro Card *54853,550.22,2026-06-30,Transport
Dominos,Dominos,697.11,2025-12-23,Food & Dining
Rapido,Rapido PAYMENT 41855,393.93,2025-08-28,Transport
More Supermarket,More Supermarket,579.05,2025-12-16,Groceries
Amazon Stationery,Amazon Stationery ORDER-35861,822.4,2026-02-04,Stationery
Steam,Steam,1095.55,2026-04-07,Entertainment
DMart,DMart ORDER-96390,1584.88,2026-07-01,Groceries
Zomato,Zomato,1455.21,2025-11-26,Food & Dining
H&M,H&M,1596.58,2026-01-01,Shopping
PVR Cinemas,PVR Cinemas,1797.24,2026-03-21,Entertainment
OYO,OYO *25384,11623.18,2025-12-27,Travel
Local Restaurant,Local Restaurant INV-11214,1172.12,2026-04-03,Food & Dining
iCloud,iCloud ORDER-3115,320.87,2026-05-03,Subscriptions
Steam,Steam,858.7,2025-10-09,Entertainment
More Supermarket,More Supermarket TXN-11553,1173.16,2026-06-04,Groceries
BigBasket,BigBasket INV-44813,1630.0,2025-08-22,Groceries
Gas Cylinder,Gas Cylinder *82167,1131.28,2025-11-03,Utilities
Amazon Stationery,Amazon Stationery,245.78,2026-07-05,Stationery
DMart,DMart TXN-26251,3051.89,2026-08-11,Groceries
Indigo Airlines,Indigo Airlines ORDER-94243,2222.91,2025-11-19,Travel
Whole Foods,Whole Foods,1547.89,2026-08-02,Groceries
Reliance Fresh,Reliance Fresh,1603.03,2026-01-27,Groceries
BookMyShow,BookMyShow PAYMENT 79458,1122.65,2026-08-13,Entertainment
Rapido,Rapido *8130,202.51,2026-07-28,Transport
IndianOil Petrol,IndianOil Petrol,222.02,2025-09-25,Transport
YouTube Premium,YouTube Premium,673.63,2026-06-06,Subscriptions
Playstation Store,Playstation Store TXN-42227,656.65,2025-11-20,Entertainment
McDonalds,McDonalds,1800.0,2026-03-06,Food & Dining
Ola,Ola REF#28707,112.69,2026-07-09,Transport
Cult.fit,Cult.fit *1015,1494.73,2025-12-17,Health
Classmate,Classmate,606.14,2025-12-22,Stationery
Reliance Fresh,Reliance Fresh,1229.06,2026-04-25,Groceries
BookMyShow,BookMyShow ORDER-88447,1021.76,2026-03-24,Entertainment
Flipkart,Flipkart,6844.36,2025-08-22,Shopping
Electricity Board,Electricity Board INV-89370,1168.5,2026-02-17,Utilities
Monthly Rent,Monthly Rent REF#95408,37500.0,2026-06-03,Rent
Uber,Uber,310.82,2026-04-18,Transport
IndianOil Petrol,IndianOil Petrol,235.37,2026-05-22,Transport
Swiggy,Swiggy REF#53804,1093.11,2026-08-04,Food & Dining
IndianOil Petrol,IndianOil Petrol PAYMENT 60968,479.54,2026-03-10,Transport
More Supermarket,More Supermarket PAYMENT 3308,933.87,2026-03-01,Groceries
Playstation Store,Playstation Store,1240.28,2026-02-27,Entertainment
Whole Foods,Whole Foods TXN-19896,909.84,2026-07-20,Groceries
Swiggy,Swiggy ORDER-51387,444.54,2025-10-03,Food & Dining
Cafe Coffee Day,Cafe Coffee Day,979.22,2025-11-25,Food & Dining
Swiggy,Swiggy,877.64,2026-05-24,Food & Dining
Jio Recharge,Jio Recharge PAYMENT 57130,1562.02,2026-04-28,Utilities
Local Restaurant,Local Restaurant ORDER-46416,792.7,2026-07-22,Food & Dining
BigBasket,BigBasket INV-62582,1216.26,2026-01-28,Groceries
Reliance Fresh,Reliance Fresh PAYMENT 28464,1142.18,2026-05-08,Groceries
BigBasket,BigBasket,1823.1,2026-01-20,Groceries
Zomato,Zomato,345.65,2026-06-28,Food & Dining
More Supermarket,More Supermarket,1151.22,2026-01-07,Groceries
Nykaa,Nykaa REF#74198,3349.02,2025-10-20,Shopping
DMart,DMart,1226.74,2026-04-01,Groceries
OYO,OYO TXN-41064,14053.5,2026-08-03,Travel
iCloud,iCloud,1500.0,2026-04-16,Subscriptions
Playstation Store,Playstation Store TXN-16763,1125.55,2026-08-08,Entertainment
PVR Cinemas,PVR Cinemas TXN-92912,167.16,2026-06-05,Entertainment
Zomato,Zomato PAYMENT 73932,649.6,2025-12-21,Food & Dining
Reliance Fresh,Reliance Fresh ORDER-50450,1262.2,2026-05-04,Groceries
Gas Cylinder,Gas Cylinder *64448,1473.46,2025-09-26,Utilities
iCloud,iCloud,378.09,2025-12-30,Subscriptions
McDonalds,McDonalds,219.63,2026-01-04,Food & Dining
PVR Cinemas,PVR Cinemas TXN-29372,732.64,2026-04-15,Entertainment
Cafe Coffee Day,Cafe Coffee Day,638.9,2026-06-29,Food & Dining
Zomato,Zomato PAYMENT 41278,795.36,2026-01-26,Food & Dining
Ola,Ola TXN-78426,337.87,2026-07-12,Transport
Cafe Coffee Day,Cafe Coffee Day INV-25651,459.21,2025-09-16,Food & Dining
Metro Card,Metro Card PAYMENT 55542,526.42,2025-12-21,Transport
Practo,Practo,586.37,2026-01-15,Health
BigBasket,BigBasket,2331.83,2026-07-15,Groceries
Metro Card,Metro Card,475.3,2025-10-30,Transport
Cafe Coffee Day,Cafe Coffee Day REF#14222,1183.84,2026-03-31,Food & Dining
Metro Card,Metro Card INV-79600,607.69,2025-11-25,Transport
Local Restaurant,Local Restaurant,828.35,2025-10-20,Food & Dining
Practo,Practo,805.88,2026-05-25,Health
Gym Membership,Gym Membership *3437,808.55,2026-02-24,Health
Jio Recharge,Jio Recharge TXN-42909,2575.85,2026-03-06,Utilities
Steam,Steam REF#42569,672.73,2026-07-11,Entertainment
IndianOil Petrol,IndianOil Petrol ORDER-94835,900.0,2026-05-04,Transport
Whole Foods,Whole Foods,916.14,2025-09-17,Groceries
Ola,Ola TXN-12140,323.26,2026-08-16,Transport
Local Bookstore,Local Bookstore,1723.06,2026-02-05,Stationery
More Supermarket,More Supermarket *8246,1779.82,2026-03-09,Groceries
Gas Cylinder,Gas Cylinder INV-20414,1065.7,2026-03-06,Utilities
DMart,DMart,2352.29,2025-11-30,Groceries
YouTube Premium,YouTube Premium,204.14,2025-12-27,Subscriptions
Amazon,Amazon ORDER-84366,2039.82,2025-08-28,Shopping
Dominos,Dominos ORDER-28804,875.07,2025-09-06,Food & Dining
MakeMyTrip,MakeMyTrip,12513.11,2025-10-25,Travel
BookMyShow,BookMyShow PAYMENT 2623,2128.22,2026-07-25,Entertainment
Cafe Coffee Day,Cafe Coffee Day INV-93782,776.31,2025-08-28,Food & Dining
Rapido,Rapido,324.47,2025-09-05,Transport
Swiggy,Swiggy ORDER-45894,1148.78,2026-04-24,Food & Dining
Water Utility,Water Utility,1370.07,2026-02-20,Utilities
Zomato,Zomato INV-97650,679.39,2025-08-19,Food & Dining
Cafe Coffee Day,Cafe Coffee Day,539.58,2026-02-23,Food & Dining
Dominos,Dominos,467.34,2026-06-23,Food & Dining
YouTube Premium,YouTube Premium,403.09,2026-03-05,Subscriptions
More Supermarket,More Supermarket INV-88160,1647.87,2026-06-20,Groceries
IndianOil Petrol,IndianOil Petrol,355.83,2025-11-18,Transport
BigBasket,BigBasket TXN-99683,1542.89,2025-11-29,Groceries
PVR Cinemas,PVR Cinemas INV-28194,2121.54,2026-08-04,Entertainment
BookMyShow,BookMyShow PAYMENT 7226,981.28,2026-02-16,Entertainment
McDonalds,McDonalds,1630.26,2025-12-23,Food & Dining
Reliance Fresh,Reliance Fresh REF#27147,749.17,2025-11-16,Groceries
Amazon,Amazon PAYMENT 51316,4468.03,2026-01-30,Shopping
McDonalds,McDonalds PAYMENT 73609,833.82,2026-04-24,Food & Dining
PVR Cinemas,PVR Cinemas TXN-10280,873.74,2026-07-23,Entertainment
Netflix,Netflix *6657,511.81,2025-08-31,Subscriptions
Indigo Airlines,Indigo Airlines,4919.54,2025-08-16,Travel
Uber,Uber,371.88,2025-11-05,Transport
BSNL Broadband,BSNL Broadband,1359.26,2026-03-20,Utilities
Metro Card,Metro Card REF#4686,212.95,2025-08-27,Transport
McDonalds,McDonalds,668.83,2025-12-28,Food & Dining
BSNL Broadband,BSNL Broadband,3281.46,2026-07-31,Utilities
Reliance Fresh,Reliance Fresh PAYMENT 76092,916.77,2025-12-14,Groceries
Cafe Coffee Day,Cafe Coffee Day INV-73923,286.25,2025-08-27,Food & Dining
Myntra,Myntra,4282.81,2025-11-02,Shopping
Dominos,Dominos PAYMENT 56787,182.94,2025-09-04,Food & Dining
IndianOil Petrol,IndianOil Petrol *5871,288.2,2025-08-22,Transport
PG Rent,PG Rent INV-37005,14040.51,2026-01-06,Rent
Swiggy,Swiggy,1800.0,2025-12-30,Food & Dining
Cult.fit,Cult.fit INV-58818,881.7,2025-12-14,Health
Amazon Stationery,Amazon Stationery *57161,1379.26,2025-09-07,Stationery
Myntra,Myntra,4126.04,2025-12-12,Shopping
Dominos,Dominos REF#59902,829.51,2026-06-18,Food & Dining
Metro Card,Metro Card INV-48763,900.0,2026-02-23,Transport
Ola,Ola,541.59,2026-01-27,Transport
Cafe Coffee Day,Cafe Coffee Day REF#61374,800.29,2026-03-09,Food & Dining
PVR Cinemas,PVR Cinemas INV-98621,1308.81,2025-10-30,Entertainment
Flipkart,Flipkart,3602.01,2026-03-12,Shopping
Cafe Coffee Day,Cafe Coffee Day REF#47111,1007.73,2025-10-25,Food & Dining
IndianOil Petrol,IndianOil Petrol INV-21632,447.18,2026-05-19,Transport
Swiggy,Swiggy,1800.0,2026-07-02,Food & Dining
Jio Recharge,Jio Recharge *18387,1244.89,2025-11-05,Utilities
Playstation Store,Playstation Store PAYMENT 10814,998.78,2026-08-05,Entertainment
Netflix,Netflix *5602,282.96,2026-04-29,Subscriptions
BSNL Broadband,BSNL Broadband *87215,2170.95,2025-12-24,Utilities
Myntra,Myntra INV-43995,1618.15,2026-08-01,Shopping
Swiggy,Swiggy *51868,1768.07,2026-02-23,Food & Dining
PVR Cinemas,PVR Cinemas *46123,468.32,2025-12-06,Entertainment
Amazon,Amazon TXN-84047,2101.23,2025-10-09,Shopping
Zomato,Zomato,807.58,2026-08-06,Food & Dining
BookMyShow,BookMyShow,2065.91,2026-05-01,Entertainment
Whole Foods,Whole Foods TXN-99164,1146.34,2026-01-19,Groceries
Practo,Practo INV-12759,734.46,2026-05-20,Health
Zomato,Zomato,1198.35,2025-08-24,Food & Dining
Zomato,Zomato,920.97,2026-07-30,Food & Dining
PG Rent,PG Rent REF#86815,25978.33,2026-03-20,Rent
Flipkart,Flipkart,1969.7,2026-01-16,Shopping
Cafe Coffee Day,Cafe Coffee Day *62810,1193.7,2026-06-29,Food & Dining
BSNL Broadband,BSNL Broadband PAYMENT 4231,1530.98,2026-07-29,Utilities
Local Restaurant,Local Restaurant INV-62175,1551.56,2025-12-24,Food & Dining
Dominos,Dominos ORDER-55504,671.35,2026-05-18,Food & Dining
Water Utility,Water Utility INV-64365,1979.74,2026-02-11,Utilities
Dominos,Dominos,867.19,2026-04-22,Food & Dining
DMart,DMart INV-93896,1601.59,2025-12-19,Groceries
BigBasket,BigBasket,440.1,2026-02-26,Groceries
WH Smith,WH Smith REF#40707,711.64,2025-09-02,Stationery
Flipkart,Flipkart TXN-80541,3807.5,2026-04-04,Shopping
BigBasket,BigBasket *88605,3750.0,2025-10-20,Groceries
Indigo Airlines,Indigo Airlines,12906.55,2026-03-31,Travel
Cafe Coffee Day,Cafe Coffee Day PAYMENT 70310,313.26,2026-06-01,Food & Dining
Whole Foods,Whole Foods ORDER-91616,1559.91,2026-06-11,Groceries
McDonalds,McDonalds,706.42,2026-04-04,Food & Dining
Gas Cylinder,Gas Cylinder,1153.03,2026-03-22,Utilities
Practo,Practo,537.61,2025-11-25,Health
McDonalds,McDonalds,600.7,2026-07-16,Food & Dining
Cafe Coffee Day,Cafe Coffee Day INV-76589,710.18,2026-02-06,Food & Dining
Dominos,Dominos,1281.9,2026-03-31,Food & Dining
DMart,DMart *3203,1001.02,2026-06-21,Groceries
Zomato,Zomato PAYMENT 2791,516.0,2026-08-08,Food & Dining
Netflix,Netflix,1500.0,2026-02-20,Subscriptions
Uber,Uber PAYMENT 73144,146.06,2026-01-05,Transport
BigBasket,BigBasket,840.48,2025-09-29,Groceries
IndianOil Petrol,IndianOil Petrol,213.22,2025-12-18,Transport
Reliance Fresh,Reliance Fresh INV-25857,1228.09,2025-11-19,Groceries
Classmate,Classmate *34572,1056.82,2026-02-23,Stationery
Local Bookstore,Local Bookstore TXN-76399,552.6,2026-07-18,Stationery
Uber,Uber,333.36,2025-12-12,Transport
PVR Cinemas,PVR Cinemas,1092.45,2026-03-04,Entertainment
BookMyShow,BookMyShow,1031.05,2025-10-12,Entertainment
Rapido,Rapido TXN-41981,262.86,2026-01-18,Transport
Gym Membership,Gym Membership TXN-87136,942.51,2025-12-03,Health
Rapido,Rapido TXN-50937,536.89,2025-10-05,Transport
Water Utility,Water Utility,1231.23,2025-09-21,Utilities
Rapido,Rapido PAYMENT 67390,266.73,2025-09-19,Transport
BigBasket,BigBasket TXN-82274,990.94,2025-11-08,Groceries
Practo,Practo TXN-34502,2154.81,2026-02-17,Health
Steam,Steam,810.7,2025-09-06,Entertainment
Amazon,Amazon PAYMENT 59059,2390.84,2026-02-23,Shopping
Cult.fit,Cult.fit PAYMENT 80695,2464.87,2025-10-20,Health
Rapido,Rapido INV-99115,805.95,2026-03-12,Transport
Dominos,Dominos REF#65260,627.52,2026-05-09,Food & Dining
Ola,Ola PAYMENT 8794,190.3,2025-08-31,Transport
Amazon,Amazon,1782.25,2025-10-29,Shopping
IndianOil Petrol,IndianOil Petrol,588.48,2026-04-10,Transport
Metro Card,Metro Card REF#61692,581.48,2026-01-30,Transport
Local Restaurant,Local Restaurant *91227,1345.82,2026-08-03,Food & Dining
H&M,H&M,2488.1,2026-06-18,Shopping
Swiggy,Swiggy PAYMENT 44980,1800.0,2026-08-05,Food & Dining
Electricity Board,Electricity Board,1567.6,2025-09-17,Utilities
Local Restaurant,Local Restaurant,353.42,2026-01-10,Food & Dining
Indigo Airlines,Indigo Airlines,5479.38,2026-01-28,Travel
Flipkart Stationery,Flipkart Stationery REF#67952,486.71,2025-11-22,Stationery
Swiggy,Swiggy PAYMENT 87876,344.18,2026-06-18,Food & Dining
Steam,Steam,1413.33,2025-10-26,Entertainment
Nykaa,Nykaa,6895.19,2026-08-15,Shopping
BookMyShow,BookMyShow,1620.8,2026-06-09,Entertainment
Amazon,Amazon,1907.66,2026-01-12,Shopping
Playstation Store,Playstation Store TXN-84966,511.5,2026-02-04,Entertainment
Zomato,Zomato,1800.0,2026-03-04,Food & Dining
Metro Card,Metro Card,496.14,2026-05-18,Transport
More Supermarket,More Supermarket PAYMENT 72279,3750.0,2025-10-18,Groceries
Reliance Fresh,Reliance Fresh REF#64987,997.55,2025-11-20,Groceries
Amazon Stationery,Amazon Stationery REF#67093,877.36,2026-06-10,Stationery
Local Restaurant,Local Restaurant PAYMENT 82427,388.12,2025-09-11,Food & Dining
Electricity Board,Electricity Board,1939.28,2026-04-16,Utilities
Reliance Fresh,Reliance Fresh REF#99731,1180.52,2025-10-17,Groceries
Reliance Fresh,Reliance Fresh REF#14185,218.57,2025-09-20,Groceries
Zomato,Zomato INV-90110,454.54,2025-10-04,Food & Dining
Whole Foods,Whole Foods,783.8,2026-07-20,Groceries
Swiggy,Swiggy,872.44,2026-07-01,Food & Dining
Cafe Coffee Day,Cafe Coffee Day *79223,845.89,2025-12-06,Food & Dining
Zomato,Zomato,691.07,2026-05-25,Food & Dining
Ola,Ola TXN-22623,578.64,2026-01-25,Transport
MedPlus,MedPlus,1367.33,2025-11-28,Health
Local Restaurant,Local Restaurant INV-80595,1229.64,2026-06-04,Food & Dining
Dominos,Dominos,684.29,2026-04-21,Food & Dining
Metro Card,Metro Card,351.0,2025-12-17,Transport
Dominos,Dominos,1063.89,2025-12-06,Food & Dining
Nykaa,Nykaa *78706,4568.91,2026-03-26,Shopping
Ola,Ola ORDER-10847,683.79,2025-12-12,Transport
Rapido,Rapido INV-50493,163.16,2025-10-31,Transport
Playstation Store,Playstation Store,1272.59,2025-08-27,Entertainment
Nykaa,Nykaa,1435.75,2026-03-27,Shopping
Rapido,Rapido PAYMENT 58058,410.77,2026-06-27,Transport
Local Restaurant,Local Restaurant ORDER-78868,349.08,2026-08-11,Food & Dining
Flipkart,Flipkart,4075.75,2025-11-10,Shopping
Local Restaurant,Local Restaurant,1800.0,2026-01-03,Food & Dining
Local Restaurant,Local Restaurant PAYMENT 3281,449.85,2026-06-19,Food & Dining
Ola,Ola INV-8579,361.2,2026-07-12,Transport
Steam,Steam,697.66,2026-03-03,Entertainment
DMart,DMart INV-58469,953.07,2026-03-27,Groceries
Whole Foods,Whole Foods,2834.99,2025-12-24,Groceries
YouTube Premium,YouTube Premium,579.64,2025-12-27,Subscriptions
Apollo Pharmacy,Apollo Pharmacy *78625,526.83,2026-07-12,Health
McDonalds,McDonalds,437.02,2025-09-03,Food & Dining
Local Restaurant,Local Restaurant TXN-12208,211.1,2026-08-13,Food & Dining
Metro Card,Metro Card ORDER-68946,415.97,2025-12-22,Transport
Rapido,Rapido,535.64,2026-01-13,Transport
Netflix,Netflix,694.19,2025-12-11,Subscriptions
Reliance Fresh,Reliance Fresh *6934,1361.08,2025-10-02,Groceries
Playstation Store,Playstation Store REF#71919,440.26,2025-11-14,Entertainment
Rapido,Rapido TXN-2352,259.9,2025-11-09,Transport
Swiggy,Swiggy ORDER-8931,1566.48,2026-08-15,Food & Dining
Cafe Coffee Day,Cafe Coffee Day *16370,887.85,2025-11-15,Food & Dining
Ola,Ola,814.35,2026-02-20,Transport
IRCTC,IRCTC ORDER-42761,3227.86,2025-12-19,Travel
BookMyShow,BookMyShow ORDER-65755,896.28,2026-05-05,Entertainment
Reliance Fresh,Reliance Fresh TXN-6436,1156.01,2025-10-24,Groceries
Gym Membership,Gym Membership *48228,1076.41,2025-12-17,Health
McDonalds,McDonalds PAYMENT 23056,553.95,2025-12-19,Food & Dining
Amazon,Amazon INV-79531,1928.71,2025-11-06,Shopping
More Supermarket,More Supermarket,794.63,2026-02-25,Groceries
Ola,Ola,577.33,2026-04-23,Transport
Uber,Uber *61260,286.54,2026-03-10,Transport
MakeMyTrip,MakeMyTrip *75790,16141.24,2026-02-13,Travel
BookMyShow,BookMyShow,819.71,2025-12-22,Entertainment
Gym Membership,Gym Membership,873.64,2025-10-19,Health
Flipkart Stationery,Flipkart Stationery ORDER-79319,1056.22,2026-01-15,Stationery
Swiggy,Swiggy,1439.16,2026-01-16,Food & Dining
Zomato,Zomato TXN-57186,396.08,2025-08-24,Food & Dining
Steam,Steam *99551,703.07,2026-04-03,Entertainment
H&M,H&M,3146.9,2026-01-17,Shopping
YouTube Premium,YouTube Premium,521.62,2026-03-28,Subscriptions
Flipkart,Flipkart,618.6,2026-02-22,Shopping
Hostel Rent,Hostel Rent TXN-83989,18861.64,2025-12-19,Rent
Cafe Coffee Day,Cafe Coffee Day REF#61060,859.52,2025-09-12,Food & Dining
Amazon Prime,Amazon Prime,270.32,2026-03-25,Subscriptions
Playstation Store,Playstation Store PAYMENT 5411,645.77,2026-05-25,Entertainment
Gym Membership,Gym Membership,433.07,2026-04-18,Health
Zomato,Zomato TXN-1549,194.38,2026-05-02,Food & Dining
DMart,DMart,410.15,2026-08-15,Groceries
IndianOil Petrol,IndianOil Petrol,383.9,2026-07-04,Transport
Ola,Ola PAYMENT 45572,493.96,2026-06-25,Transport
McDonalds,McDonalds,741.46,2025-09-11,Food & Dining
Ola,Ola,219.89,2026-04-22,Transport
Steam,Steam *8919,339.01,2026-06-01,Entertainment
Zomato,Zomato REF#86688,604.16,2026-02-25,Food & Dining
H&M,H&M,1848.32,2026-07-07,Shopping
iCloud,iCloud,540.06,2025-10-02,Subscriptions
Local Restaurant,Local Restaurant REF#1687,260.57,2025-09-07,Food & Dining
Cafe Coffee Day,Cafe Coffee Day TXN-54834,399.26,2026-06-03,Food & Dining
Netflix,Netflix,1400.76,2026-03-22,Subscriptions
Amazon Prime,Amazon Prime ORDER-21516,813.49,2025-08-16,Subscriptions
Zomato,Zomato ORDER-28817,481.92,2026-04-20,Food & Dining
Flipkart Stationery,Flipkart Stationery,364.5,2026-07-26,Stationery
IndianOil Petrol,IndianOil Petrol *95510,139.93,2026-02-07,Transport
Practo,Practo *73312,1514.59,2025-12-26,Health
Amazon Prime,Amazon Prime,376.86,2026-02-01,Subscriptions
Dominos,Dominos INV-77403,899.67,2026-07-31,Food & Dining
McDonalds,McDonalds TXN-29748,1352.32,2026-06-16,Food & Dining
Metro Card,Metro Card,705.34,2026-01-02,Transport
Amazon Stationery,Amazon Stationery,1370.12,2026-03-11,Stationery
MedPlus,MedPlus,898.21,2025-10-09,Health
BookMyShow,BookMyShow PAYMENT 20187,743.66,2025-12-21,Entertainment
Nykaa,Nykaa REF#54186,2444.05,2026-05-01,Shopping
Rapido,Rapido,160.26,2026-02-01,Transport
Jio Recharge,Jio Recharge ORDER-41250,348.22,2026-07-21,Utilities
BigBasket,BigBasket PAYMENT 20291,1135.13,2026-03-11,Groceries
Flipkart Stationery,Flipkart Stationery,646.0,2026-02-02,Stationery
Ola,Ola,314.59,2026-04-24,Transport
Metro Card,Metro Card REF#31981,157.22,2025-12-14,Transport
Cafe Coffee Day,Cafe Coffee Day *42979,546.96,2025-11-05,Food & Dining
Cult.fit,Cult.fit ORDER-10888,1278.86,2025-10-06,Health
BigBasket,BigBasket PAYMENT 64672,1455.13,2026-05-19,Groceries
IRCTC,IRCTC INV-20008,4214.2,2026-08-08,Travel
Reliance Fresh,Reliance Fresh,1615.35,2025-11-14,Groceries
MedPlus,MedPlus,1180.14,2026-07-29,Health
Water Utility,Water Utility,329.43,2025-09-05,Utilities
Whole Foods,Whole Foods ORDER-5279,814.1,2026-06-10,Groceries
Playstation Store,Playstation Store TXN-51331,609.16,2025-11-22,Entertainment
Ola,Ola *38298,303.15,2025-12-30,Transport
IndianOil Petrol,IndianOil Petrol,646.88,2026-06-25,Transport
Jio Recharge,Jio Recharge TXN-84440,667.55,2025-12-27,Utilities
Rapido,Rapido *29432,216.92,2026-04-27,Transport
DMart,DMart INV-21439,1043.07,2026-02-05,Groceries
PVR Cinemas,PVR Cinemas,837.57,2026-02-15,Entertainment
Myntra,Myntra PAYMENT 30918,1874.03,2026-03-09,Shopping
MedPlus,MedPlus,1099.28,2026-07-23,Health
McDonalds,McDonalds,961.52,2025-11-03,Food & Dining
YouTube Premium,YouTube Premium,430.61,2025-10-30,Subscriptions
H&M,H&M,1427.83,2026-01-07,Shopping
Zomato,Zomato,1022.85,2026-04-19,Food & Dining
Jio Recharge,Jio Recharge *95701,1226.82,2026-07-25,Utilities
IRCTC,IRCTC,7764.93,2025-12-01,Travel
McDonalds,McDonalds,1800.0,2025-11-22,Food & Dining
Apollo Pharmacy,Apollo Pharmacy PAYMENT 24553,858.8,2025-12-23,Health
Ola,Ola INV-42512,409.81,2026-03-07,Transport
Playstation Store,Playstation Store,1716.22,2026-08-13,Entertainment
Amazon Prime,Amazon Prime,1500.0,2026-06-02,Subscriptions
Steam,Steam PAYMENT 12318,771.41,2025-12-22,Entertainment
Amazon Stationery,Amazon Stationery,1886.01,2025-10-30,Stationery
Jio Recharge,Jio Recharge,686.2,2026-01-05,Utilities
DMart,DMart INV-47381,1440.1,2025-08-20,Groceries
Steam,Steam,1126.78,2026-02-22,Entertainment
Playstation Store,Playstation Store,1397.6,2026-04-29,Entertainment
Myntra,Myntra,1683.93,2026-05-01,Shopping
Uber,Uber,512.36,2026-06-14,Transport
BookMyShow,BookMyShow PAYMENT 94354,288.5,2025-09-05,Entertainment
Swiggy,Swiggy,807.75,2026-04-06,Food & Dining
Metro Card,Metro Card ORDER-62295,296.02,2026-07-03,Transport
Uber,Uber,280.79,2026-04-10,Transport
Dominos,Dominos,613.72,2026-06-14,Food & Dining
Spotify,Spotify TXN-87712,386.1,2025-09-04,Subscriptions
Zomato,Zomato,698.46,2025-12-29,Food & Dining
Swiggy,Swiggy,892.73,2026-04-03,Food & Dining
More Supermarket,More Supermarket REF#70257,1686.8,2025-09-23,Groceries
Rapido,Rapido ORDER-65865,203.4,2026-03-17,Transport
Nykaa,Nykaa REF#78775,2391.08,2026-07-09,Shopping
Uber,Uber TXN-70104,248.97,2026-06-09,Transport
McDonalds,McDonalds TXN-51090,864.93,2025-10-14,Food & Dining
Cafe Coffee Day,Cafe Coffee Day,480.48,2026-05-22,Food & Dining
Metro Card,Metro Card INV-32290,466.47,2026-01-31,Transport
BigBasket,BigBasket,536.62,2025-10-21,Groceries
Amazon,Amazon,2563.83,2026-07-25,Shopping
Ola,Ola REF#12893,261.97,2025-11-07,Transport
Cafe Coffee Day,Cafe Coffee Day INV-72016,335.05,2026-05-20,Food & Dining
BigBasket,BigBasket ORDER-536,2920.47,2025-11-03,Groceries
More Supermarket,More Supermarket TXN-14959,1681.74,2026-01-01,Groceries
Local Restaurant,Local Restaurant *61087,992.27,2026-04-29,Food & Dining
Rapido,Rapido,196.3,2026-06-26,Transport
More Supermarket,More Supermarket PAYMENT 24911,565.49,2025-11-14,Groceries
Zomato,Zomato *11427,481.23,2025-08-25,Food & Dining
Local Restaurant,Local Restaurant TXN-68530,1800.0,2026-02-07,Food & Dining
Uber,Uber,385.73,2026-04-18,Transport
Practo,Practo ORDER-67263,2016.53,2026-03-25,Health
Ola,Ola TXN-81505,467.35,2025-11-09,Transport
PVR Cinemas,PVR Cinemas,862.24,2026-08-08,Entertainment
Amazon,Amazon,6266.43,2026-04-26,Shopping
Electricity Board,Electricity Board ORDER-4868,1536.18,2025-11-25,Utilities
BigBasket,BigBasket ORDER-87207,1129.97,2026-02-13,Groceries
Flipkart,Flipkart INV-1074,4873.27,2026-03-16,Shopping
Apollo Pharmacy,Apollo Pharmacy TXN-12679,1876.56,2025-09-28,Health
Uber,Uber *17895,316.76,2025-10-14,Transport
Rapido,Rapido,100.19,2026-05-25,Transport
Electricity Board,Electricity Board,672.98,2025-09-01,Utilities
Uber,Uber REF#5203,209.65,2026-03-21,Transport
BigBasket,BigBasket INV-18046,1219.43,2026-01-16,Groceries
PVR Cinemas,PVR Cinemas REF#44656,310.0,2025-11-02,Entertainment
Classmate,Classmate REF#9945,1508.91,2026-05-14,Stationery
Nykaa,Nykaa ORDER-3527,700.07,2026-03-12,Shopping
Local Restaurant,Local Restaurant ORDER-18112,1160.23,2026-08-15,Food & Dining
BSNL Broadband,BSNL Broadband,1832.04,2025-10-06,Utilities
Swiggy,Swiggy,877.77,2026-02-02,Food & Dining
Local Restaurant,Local Restaurant,873.15,2025-09-25,Food & Dining
Apollo Pharmacy,Apollo Pharmacy *10541,1246.07,2026-05-24,Health
IndianOil Petrol,IndianOil Petrol,564.45,2026-06-07,Transport
Metro Card,Metro Card ORDER-53007,318.77,2026-01-15,Transport
More Supermarket,More Supermarket,722.36,2026-03-19,Groceries
Flipkart,Flipkart ORDER-12462,2567.19,2025-10-25,Shopping
Jio Recharge,Jio Recharge PAYMENT 5673,1375.42,2025-10-09,Utilities
McDonalds,McDonalds,776.55,2026-05-20,Food & Dining
MakeMyTrip,MakeMyTrip,13528.6,2025-12-20,Travel
Nykaa,Nykaa INV-13714,2810.96,2026-06-03,Shopping
Reliance Fresh,Reliance Fresh,605.19,2025-12-05,Groceries
Myntra,Myntra *31372,1127.37,2026-07-31,Shopping
Whole Foods,Whole Foods REF#75688,1172.6,2026-05-10,Groceries
Steam,Steam,770.46,2025-11-20,Entertainment
Ola,Ola,677.4,2026-06-25,Transport
Uber,Uber TXN-53121,423.19,2026-02-08,Transport
Metro Card,Metro Card,217.92,2026-06-08,Transport
Apollo Pharmacy,Apollo Pharmacy,694.58,2025-10-18,Health
Electricity Board,Electricity Board ORDER-53255,1452.05,2025-08-16,Utilities
BookMyShow,BookMyShow,1693.05,2026-08-04,Entertainment
Jio Recharge,Jio Recharge,1063.56,2025-10-16,Utilities
Reliance Fresh,Reliance Fresh INV-6203,768.8,2025-12-21,Groceries
Flipkart,Flipkart TXN-36347,1836.27,2025-10-23,Shopping
BSNL Broadband,BSNL Broadband,541.64,2026-07-15,Utilities
Amazon,Amazon,985.38,2026-03-15,Shopping
Reliance Fresh,Reliance Fresh,1405.55,2026-07-13,Groceries
Ola,Ola,344.52,2026-07-19,Transport
H&M,H&M,1035.19,2026-07-07,Shopping
Cafe Coffee Day,Cafe Coffee Day INV-31920,1408.11,2026-07-22,Food & Dining
Airbnb,Airbnb,5727.52,2026-03-27,Travel
Ola,Ola ORDER-98184,178.26,2025-09-16,Transport
Cafe Coffee Day,Cafe Coffee Day,1800.0,2026-03-15,Food & Dining
Local Restaurant,Local Restaurant ORDER-62127,298.06,2026-03-22,Food & Dining
IndianOil Petrol,IndianOil Petrol,208.7,2026-06-12,Transport
Cafe Coffee Day,Cafe Coffee Day INV-36225,141.34,2025-11-26,Food & Dining
Flipkart Stationery,Flipkart Stationery,1480.49,2026-01-01,Stationery
Netflix,Netflix TXN-84670,512.91,2025-08-24,Subscriptions
Cafe Coffee Day,Cafe Coffee Day *84233,393.91,2026-05-25,Food & Dining
Reliance Fresh,Reliance Fresh *33498,365.69,2026-02-21,Groceries
Zomato,Zomato *40760,507.42,2026-07-19,Food & Dining
DMart,DMart ORDER-31717,2929.33,2026-06-02,Groceries
Local Restaurant,Local Restaurant INV-72970,552.05,2025-12-19,Food & Dining
Water Utility,Water Utility TXN-82350,2225.52,2026-05-14,Utilities
Metro Card,Metro Card ORDER-43009,193.74,2025-10-31,Transport
Steam,Steam,1095.08,2026-03-18,Entertainment
Dominos,Dominos INV-40252,980.69,2025-10-10,Food & Dining
Rapido,Rapido,520.68,2026-08-07,Transport
Uber,Uber,386.82,2026-06-20,Transport
Zomato,Zomato,305.43,2026-07-01,Food & Dining
Cult.fit,Cult.fit,3000.0,2026-02-14,Health
Dominos,Dominos,608.59,2025-12-10,Food & Dining
DMart,DMart TXN-30417,2492.65,2026-06-01,Groceries
DMart,DMart PAYMENT 70220,685.26,2026-04-12,Groceries
DMart,DMart *57939,584.01,2026-07-30,Groceries
Dominos,Dominos,639.39,2025-12-03,Food & Dining
Zomato,Zomato PAYMENT 15865,623.98,2026-06-12,Food & Dining
Jio Recharge,Jio Recharge,2623.53,2026-04-03,Utilities
McDonalds,McDonalds ORDER-32909,1480.74,2025-10-15,Food & Dining
IndianOil Petrol,IndianOil Petrol TXN-5889,615.14,2026-07-04,Transport
Swiggy,Swiggy INV-99364,684.39,2025-11-09,Food & Dining
Reliance Fresh,Reliance Fresh TXN-54076,1150.58,2026-04-23,Groceries
More Supermarket,More Supermarket *30158,2155.89,2026-04-30,Groceries
Swiggy,Swiggy INV-45838,1003.81,2026-03-22,Food & Dining
BookMyShow,BookMyShow,1350.76,2026-05-27,Entertainment
Reliance Fresh,Reliance Fresh *2899,520.73,2026-07-03,Groceries
Dominos,Dominos,527.93,2025-11-04,Food & Dining
Local Restaurant,Local Restaurant,734.79,2025-12-01,Food & Dining
Whole Foods,Whole Foods,663.01,2026-04-03,Groceries
Reliance Fresh,Reliance Fresh REF#82299,903.87,2025-11-28,Groceries
Steam,Steam PAYMENT 20275,2209.2,2026-08-02,Entertainment
Apollo Pharmacy,Apollo Pharmacy,1303.05,2025-11-05,Health
Local Restaurant,Local Restaurant TXN-89810,1103.76,2026-05-15,Food & Dining
Metro Card,Metro Card,457.55,2025-09-28,Transport
Uber,Uber TXN-91809,461.45,2026-03-26,Transport
McDonalds,McDonalds INV-72844,220.09,2026-05-09,Food & Dining
Metro Card,Metro Card *43360,502.4,2026-06-14,Transport
Swiggy,Swiggy *86675,368.92,2026-06-16,Food & Dining
PG Rent,PG Rent TXN-80178,26783.54,2026-03-21,Rent
Ola,Ola,792.39,2026-01-24,Transport
Flipkart,Flipkart,1554.69,2025-08-26,Shopping
BookMyShow,BookMyShow,2139.82,2026-04-11,Entertainment
Nykaa,Nykaa TXN-96700,6004.36,2025-09-12,Shopping
Airbnb,Airbnb,9483.76,2025-10-12,Travel
H&M,H&M,3910.87,2026-08-15,Shopping
Zomato,Zomato TXN-31620,968.38,2025-12-12,Food & Dining
Rapido,Rapido,615.5,2026-06-22,Transport
Rapido,Rapido,829.2,2026-02-05,Transport
McDonalds,McDonalds,669.27,2026-05-24,Food & Dining
Metro Card,Metro Card TXN-29002,548.39,2025-11-29,Transport
BigBasket,BigBasket,3750.0,2025-10-30,Groceries
H&M,H&M ORDER-96797,2128.89,2026-05-22,Shopping
Rapido,Rapido,350.01,2026-07-30,Transport
BookMyShow,BookMyShow,478.39,2025-08-29,Entertainment
Steam,Steam,680.78,2025-08-31,Entertainment
Myntra,Myntra,1655.72,2026-07-08,Shopping
Swiggy,Swiggy PAYMENT 70751,593.13,2025-10-05,Food & Dining
Reliance Fresh,Reliance Fresh,2307.36,2026-07-04,Groceries
Local Restaurant,Local Restaurant REF#49782,685.57,2026-02-12,Food & Dining
Playstation Store,Playstation Store INV-38092,506.23,2026-05-01,Entertainment
Cafe Coffee Day,Cafe Coffee Day *19491,620.09,2025-09-28,Food & Dining
BSNL Broadband,BSNL Broadband REF#64474,392.65,2026-04-17,Utilities
Playstation Store,Playstation Store TXN-37976,1861.58,2025-11-01,Entertainment
Steam,Steam,2204.48,2026-01-23,Entertainment
IndianOil Petrol,IndianOil Petrol,254.56,2025-08-29,Transport
H&M,H&M PAYMENT 45365,2066.75,2025-12-19,Shopping
More Supermarket,More Supermarket,894.98,2026-05-07,Groceries
Local Restaurant,Local Restaurant,1153.32,2025-10-17,Food & Dining
Swiggy,Swiggy REF#48539,225.46,2025-12-10,Food & Dining
Swiggy,Swiggy *49294,507.82,2025-11-11,Food & Dining
Metro Card,Metro Card,613.96,2025-09-05,Transport
Dominos,Dominos *80605,562.07,2026-03-14,Food & Dining
Jio Recharge,Jio Recharge *83493,1979.9,2025-08-24,Utilities
MedPlus,MedPlus,768.0,2026-05-12,Health
Dominos,Dominos,845.18,2025-09-09,Food & Dining
Rapido,Rapido,399.45,2026-05-27,Transport
Water Utility,Water Utility INV-23358,753.98,2025-12-26,Utilities
Metro Card,Metro Card,762.07,2025-12-21,Transport
Steam,Steam,1194.09,2026-05-13,Entertainment
McDonalds,McDonalds ORDER-18646,1608.11,2026-07-26,Food & Dining
Gas Cylinder,Gas Cylinder INV-22496,1164.32,2026-01-14,Utilities
Gas Cylinder,Gas Cylinder INV-40404,3750.0,2026-07-23,Utilities
Dominos,Dominos PAYMENT 99253,356.39,2025-12-18,Food & Dining
McDonalds,McDonalds,388.09,2026-05-13,Food & Dining
Hostel Rent,Hostel Rent ORDER-60650,20977.54,2025-12-22,Rent
PVR Cinemas,PVR Cinemas,821.51,2026-01-12,Entertainment
MakeMyTrip,MakeMyTrip,5169.46,2026-02-23,Travel
PVR Cinemas,PVR Cinemas REF#44655,525.3,2026-07-27,Entertainment
Swiggy,Swiggy INV-3149,666.18,2025-11-22,Food & Dining
Uber,Uber PAYMENT 36772,841.36,2026-01-20,Transport
Metro Card,Metro Card *3048,116.22,2026-05-14,Transport
Amazon,Amazon TXN-72987,2854.64,2026-02-20,Shopping
IndianOil Petrol,IndianOil Petrol REF#95192,313.11,2026-01-04,Transport
Metro Card,Metro Card ORDER-88400,215.45,2026-08-07,Transport
DMart,DMart INV-7639,2987.82,2026-08-02,Groceries
Local Restaurant,Local Restaurant TXN-27485,557.22,2025-11-28,Food & Dining
MedPlus,MedPlus *33879,304.85,2025-11-23,Health
YouTube Premium,YouTube Premium,428.65,2025-10-17,Subscriptions
Reliance Fresh,Reliance Fresh ORDER-12496,3264.81,2025-10-07,Groceries
Uber,Uber INV-16323,90.63,2026-04-11,Transport
Water Utility,Water Utility,2114.9,2025-11-25,Utilities
Myntra,Myntra TXN-17756,2585.11,2026-04-25,Shopping
Cafe Coffee Day,Cafe Coffee Day ORDER-53400,190.21,2025-12-09,Food & Dining
Amazon,Amazon *99892,1599.83,2025-09-27,Shopping
PVR Cinemas,PVR Cinemas PAYMENT 12592,622.49,2026-01-30,Entertainment
Rapido,Rapido *94509,385.68,2026-03-12,Transport
iCloud,iCloud TXN-27455,981.36,2025-08-21,Subscriptions
Amazon Stationery,Amazon Stationery,1053.7,2025-08-31,Stationery
Metro Card,Metro Card TXN-78375,260.32,2026-05-24,Transport
Reliance Fresh,Reliance Fresh PAYMENT 43858,1093.14,2026-08-03,Groceries
Amazon,Amazon INV-37278,2506.07,2025-12-29,Shopping
Water Utility,Water Utility ORDER-81503,3750.0,2026-03-16,Utilities
McDonalds,McDonalds REF#17653,418.18,2026-06-24,Food & Dining
Reliance Fresh,Reliance Fresh ORDER-16244,1228.72,2026-06-21,Groceries
Water Utility,Water Utility REF#14367,1065.23,2026-06-06,Utilities
McDonalds,McDonalds,315.26,2026-03-07,Food & Dining
DMart,DMart,1281.92,2025-10-26,Groceries
H&M,H&M *79000,3212.58,2025-12-04,Shopping
BigBasket,BigBasket,954.09,2026-04-04,Groceries
DMart,DMart ORDER-91249,2062.44,2025-12-24,Groceries
Flipkart,Flipkart *70368,4434.54,2025-10-21,Shopping
Playstation Store,Playstation Store INV-2885,1391.63,2026-02-19,Entertainment
Cafe Coffee Day,Cafe Coffee Day PAYMENT 56286,410.86,2026-04-25,Food & Dining
Steam,Steam,2215.75,2025-09-08,Entertainment
PVR Cinemas,PVR Cinemas ORDER-5625,744.34,2026-03-22,Entertainment
YouTube Premium,YouTube Premium,471.28,2025-09-13,Subscriptions
Metro Card,Metro Card,239.54,2026-06-23,Transport
Nykaa,Nykaa,6306.21,2025-09-22,Shopping
Hostel Rent,Hostel Rent,9768.21,2025-12-05,Rent
Playstation Store,Playstation Store *24139,590.78,2026-05-03,Entertainment
More Supermarket,More Supermarket PAYMENT 55736,1325.12,2026-07-02,Groceries
Water Utility,Water Utility *27737,1079.88,2025-10-28,Utilities
Gym Membership,Gym Membership,736.93,2026-01-11,Health
Zomato,Zomato ORDER-69281,530.6,2026-05-26,Food & Dining
BookMyShow,BookMyShow REF#31219,1496.46,2026-02-07,Entertainment
Flipkart,Flipkart,3157.37,2026-05-24,Shopping
Reliance Fresh,Reliance Fresh INV-49160,1215.79,2025-12-13,Groceries
DMart,DMart INV-48670,1880.54,2025-10-07,Groceries
H&M,H&M,6045.43,2026-06-22,Shopping
Metro Card,Metro Card,399.4,2026-08-13,Transport
Local Restaurant,Local Restaurant INV-59489,1237.97,2025-08-24,Food & Dining
Gas Cylinder,Gas Cylinder PAYMENT 99219,881.63,2025-11-08,Utilities
Electricity Board,Electricity Board PAYMENT 81952,1302.35,2026-07-02,Utilities
Cafe Coffee Day,Cafe Coffee Day REF#72543,1159.95,2026-07-18,Food & Dining
PVR Cinemas,PVR Cinemas INV-99856,329.09,2026-07-28,Entertainment
Metro Card,Metro Card REF#19129,668.67,2026-05-10,Transport
McDonalds,McDonalds,1053.16,2026-02-28,Food & Dining
Dominos,Dominos REF#2888,610.26,2025-10-07,Food & Dining
YouTube Premium,YouTube Premium *25587,1500.0,2026-06-03,Subscriptions
iCloud,iCloud,1500.0,2025-10-10,Subscriptions
Whole Foods,Whole Foods PAYMENT 74013,1401.6,2026-03-24,Groceries
OYO,OYO,13873.08,2026-03-12,Travel
Ola,Ola,498.49,2025-11-03,Transport
PVR Cinemas,PVR Cinemas,811.56,2025-08-31,Entertainment
McDonalds,McDonalds INV-29998,665.78,2026-05-30,Food & Dining
Dominos,Dominos INV-79057,329.15,2026-07-25,Food & Dining
H&M,H&M TXN-86248,1037.64,2026-05-09,Shopping
Playstation Store,Playstation Store ORDER-45278,189.92,2026-01-08,Entertainment
Spotify,Spotify TXN-91213,227.73,2025-10-15,Subscriptions
Ola,Ola *19399,553.51,2025-08-31,Transport
Playstation Store,Playstation Store INV-19316,1096.01,2026-05-21,Entertainment
McDonalds,McDonalds,551.87,2026-05-24,Food & Dining
Ola,Ola TXN-2057,452.45,2025-09-22,Transport
Playstation Store,Playstation Store INV-89972,1294.05,2025-10-05,Entertainment
BookMyShow,BookMyShow,1059.68,2026-05-13,Entertainment
OYO,OYO REF#25271,4774.5,2025-10-16,Travel
Rapido,Rapido TXN-77119,113.32,2025-10-31,Transport
Cafe Coffee Day,Cafe Coffee Day REF#82156,498.82,2026-05-03,Food & Dining
MedPlus,MedPlus,478.34,2025-11-08,Health
Reliance Fresh,Reliance Fresh,1307.15,2026-05-06,Groceries
iCloud,iCloud ORDER-15407,300.15,2025-09-17,Subscriptions
BookMyShow,BookMyShow,1282.15,2026-04-30,Entertainment
Swiggy,Swiggy,746.34,2026-06-25,Food & Dining
DMart,DMart ORDER-80324,2420.87,2026-05-13,Groceries
Reliance Fresh,Reliance Fresh *9689,2201.73,2026-07-04,Groceries
Dominos,Dominos PAYMENT 23324,464.04,2026-04-05,Food & Dining
Uber,Uber PAYMENT 84257,293.02,2026-06-10,Transport
Whole Foods,Whole Foods,1088.14,2026-02-20,Groceries
BigBasket,BigBasket PAYMENT 58124,1145.6,2026-04-26,Groceries
Dominos,Dominos INV-58954,737.89,2025-09-14,Food & Dining
Myntra,Myntra INV-17143,1252.48,2026-03-14,Shopping
Dominos,Dominos ORDER-97861,890.94,2026-05-27,Food & Dining
Myntra,Myntra PAYMENT 6351,4372.7,2026-04-15,Shopping
Metro Card,Metro Card,190.2,2026-06-20,Transport
Airbnb,Airbnb,3715.0,2026-07-27,Travel
Local Restaurant,Local Restaurant,927.28,2025-11-27,Food & Dining
More Supermarket,More Supermarket REF#93805,1520.87,2026-01-23,Groceries
McDonalds,McDonalds ORDER-61335,838.53,2026-03-09,Food & Dining
Whole Foods,Whole Foods TXN-21631,565.51,2025-08-21,Groceries
DMart,DMart,645.05,2025-11-07,Groceries
Steam,Steam,923.61,2025-12-15,Entertainment
Uber,Uber,294.42,2026-05-22,Transport
McDonalds,McDonalds ORDER-87639,309.93,2026-04-02,Food & Dining
Zomato,Zomato ORDER-95256,912.53,2026-06-15,Food & Dining
MedPlus,MedPlus ORDER-18561,1128.93,2026-01-28,Health
Cafe Coffee Day,Cafe Coffee Day,567.08,2025-09-07,Food & Dining
Flipkart Stationery,Flipkart Stationery PAYMENT 26955,1258.62,2025-12-15,Stationery
MedPlus,MedPlus,734.32,2026-03-07,Health
BigBasket,BigBasket INV-65591,1347.89,2026-04-10,Groceries
Zomato,Zomato ORDER-1936,1081.49,2025-11-19,Food & Dining
Electricity Board,Electricity Board *70386,630.71,2026-04-24,Utilities
Reliance Fresh,Reliance Fresh REF#68182,1824.25,2025-11-23,Groceries
Rapido,Rapido *44682,657.41,2026-06-05,Transport
Metro Card,Metro Card,281.29,2026-08-02,Transport
Uber,Uber *31954,324.71,2025-12-12,Transport
Apollo Pharmacy,Apollo Pharmacy *89429,575.05,2025-11-14,Health
Rapido,Rapido TXN-75128,516.58,2026-02-05,Transport
Monthly Rent,Monthly Rent PAYMENT 92219,8583.83,2025-08-27,Rent
Amazon,Amazon PAYMENT 89326,6302.91,2026-03-23,Shopping
BigBasket,BigBasket INV-8107,908.26,2026-04-17,Groceries
IRCTC,IRCTC PAYMENT 68031,6672.8,2025-12-14,Travel
Reliance Fresh,Reliance Fresh,2543.59,2025-08-23,Groceries
More Supermarket,More Supermarket,1059.5,2026-07-19,Groceries
Zomato,Zomato TXN-11396,388.24,2026-07-27,Food & Dining
H&M,H&M REF#2044,4644.82,2026-07-19,Shopping
Uber,Uber,306.55,2026-04-02,Transport
Electricity Board,Electricity Board *85467,1520.6,2025-09-22,Utilities
Swiggy,Swiggy TXN-43011,1573.8,2026-06-04,Food & Dining
Flipkart Stationery,Flipkart Stationery ORDER-73176,1345.28,2026-06-16,Stationery
Steam,Steam TXN-56455,159.47,2025-12-31,Entertainment
Rapido,Rapido,400.09,2026-05-22,Transport
Netflix,Netflix ORDER-79420,129.19,2026-02-01,Subscriptions
Swiggy,Swiggy PAYMENT 94365,479.34,2026-05-20,Food & Dining
Nykaa,Nykaa,1249.74,2026-05-02,Shopping
Netflix,Netflix INV-80018,668.06,2026-02-04,Subscriptions
Electricity Board,Electricity Board,1169.04,2026-07-13,Utilities
BSNL Broadband,BSNL Broadband PAYMENT 98557,1145.98,2026-05-02,Utilities
H&M,H&M ORDER-46884,3291.65,2026-03-29,Shopping
Zomato,Zomato,357.82,2026-05-21,Food & Dining
McDonalds,McDonalds TXN-3536,689.63,2026-07-18,Food & Dining
IndianOil Petrol,IndianOil Petrol,265.89,2026-02-26,Transport
BSNL Broadband,BSNL Broadband PAYMENT 80110,1626.84,2026-04-09,Utilities
McDonalds,McDonalds *75413,701.11,2025-10-31,Food & Dining
Uber,Uber TXN-42058,209.95,2025-11-02,Transport
McDonalds,McDonalds,373.16,2025-09-04,Food & Dining
Rapido,Rapido INV-24510,115.44,2026-03-08,Transport
Steam,Steam,336.77,2026-02-20,Entertainment
More Supermarket,More Supermarket PAYMENT 50030,403.71,2026-02-16,Groceries
Swiggy,Swiggy,525.64,2026-04-06,Food & Dining
BigBasket,BigBasket *23156,3750.0,2026-01-06,Groceries
Dominos,Dominos,229.12,2026-02-23,Food & Dining
Uber,Uber,177.1,2026-04-08,Transport
Dominos,Dominos REF#24438,638.73,2026-06-25,Food & Dining
Gas Cylinder,Gas Cylinder INV-69922,2187.81,2025-10-23,Utilities
Practo,Practo TXN-25602,1068.72,2026-03-04,Health
Amazon Prime,Amazon Prime ORDER-44688,966.03,2026-06-05,Subscriptions
Local Restaurant,Local Restaurant,753.51,2026-08-01,Food & Dining
PVR Cinemas,PVR Cinemas,157.27,2026-04-20,Entertainment
Flipkart Stationery,Flipkart Stationery,928.49,2025-11-11,Stationery
Flipkart,Flipkart *79783,1640.7,2026-02-07,Shopping
Local Restaurant,Local Restaurant *14021,767.33,2025-12-08,Food & Dining
Dominos,Dominos ORDER-84749,534.06,2026-02-19,Food & Dining
Swiggy,Swiggy,610.47,2026-03-01,Food & Dining
Local Restaurant,Local Restaurant INV-37757,443.01,2026-04-22,Food & Dining
Zomato,Zomato REF#82429,934.11,2025-11-23,Food & Dining
Amazon Prime,Amazon Prime *9866,450.42,2026-05-05,Subscriptions
More Supermarket,More Supermarket,1303.06,2026-04-19,Groceries
Cafe Coffee Day,Cafe Coffee Day,100.48,2026-08-11,Food & Dining
Playstation Store,Playstation Store,908.9,2025-09-29,Entertainment
Whole Foods,Whole Foods,1293.54,2026-01-13,Groceries
Dominos,Dominos,923.54,2025-10-09,Food & Dining
Water Utility,Water Utility PAYMENT 62471,2114.24,2025-12-03,Utilities
OYO,OYO TXN-55969,8030.33,2025-10-04,Travel
McDonalds,McDonalds *34932,313.69,2025-08-24,Food & Dining
Local Restaurant,Local Restaurant ORDER-37256,685.8,2026-07-11,Food & Dining
BookMyShow,BookMyShow REF#23342,610.7,2025-09-03,Entertainment
Jio Recharge,Jio Recharge INV-77659,1034.56,2025-10-17,Utilities
Ola,Ola INV-17353,300.48,2026-06-21,Transport
Reliance Fresh,Reliance Fresh TXN-30903,2017.81,2026-02-16,Groceries
Uber,Uber PAYMENT 21437,565.46,2026-02-10,Transport
Indigo Airlines,Indigo Airlines,5800.6,2026-05-28,Travel
McDonalds,McDonalds *54562,975.64,2026-06-10,Food & Dining
Metro Card,Metro Card REF#39244,60.87,2026-03-30,Transport
Reliance Fresh,Reliance Fresh,569.46,2026-08-12,Groceries
Flipkart,Flipkart REF#71055,3949.06,2026-07-24,Shopping
Amazon,Amazon REF#41692,3566.21,2026-03-20,Shopping
Practo,Practo,524.67,2026-01-10,Health
Hostel Rent,Hostel Rent ORDER-90956,19277.26,2025-10-15,Rent
Dominos,Dominos,524.7,2025-10-24,Food & Dining
Steam,Steam INV-30190,776.87,2026-02-22,Entertainment
Spotify,Spotify TXN-17287,1500.0,2025-09-22,Subscriptions
Gym Membership,Gym Membership,649.2,2025-10-14,Health
Reliance Fresh,Reliance Fresh PAYMENT 4528,1009.74,2026-02-06,Groceries
Jio Recharge,Jio Recharge,1272.39,2026-03-21,Utilities
Whole Foods,Whole Foods REF#68232,797.94,2026-01-18,Groceries
Local Restaurant,Local Restaurant *94044,1091.89,2026-06-12,Food & Dining
Ola,Ola TXN-55552,694.45,2026-08-04,Transport
Jio Recharge,Jio Recharge INV-38460,2371.83,2026-03-29,Utilities
Swiggy,Swiggy TXN-48110,688.28,2025-08-19,Food & Dining
Amazon Stationery,Amazon Stationery,485.97,2026-08-11,Stationery
OYO,OYO *28731,5295.39,2025-09-20,Travel
McDonalds,McDonalds,431.07,2026-05-21,Food & Dining
Gym Membership,Gym Membership,1185.53,2025-10-19,Health
Gym Membership,Gym Membership INV-40059,1231.97,2025-08-19,Health
Reliance Fresh,Reliance Fresh,548.99,2025-08-20,Groceries
Zomato,Zomato TXN-94150,1119.12,2025-11-05,Food & Dining
Zomato,Zomato TXN-61921,571.5,2026-05-15,Food & Dining
Amazon,Amazon PAYMENT 23292,3366.77,2026-07-22,Shopping
iCloud,iCloud,171.39,2026-04-18,Subscriptions
WH Smith,WH Smith INV-34916,1765.64,2026-05-30,Stationery
Dominos,Dominos,649.27,2026-06-04,Food & Dining
Whole Foods,Whole Foods,738.81,2026-07-24,Groceries
Amazon,Amazon,7500.0,2025-12-17,Shopping
Metro Card,Metro Card INV-57710,743.56,2025-11-17,Transport
Electricity Board,Electricity Board ORDER-60021,806.83,2025-11-13,Utilities
Zomato,Zomato *86004,580.46,2025-12-05,Food & Dining
Swiggy,Swiggy,1109.5,2025-08-30,Food & Dining
Gas Cylinder,Gas Cylinder *28162,1505.93,2026-06-02,Utilities
Amazon Prime,Amazon Prime INV-56080,369.44,2025-10-06,Subscriptions
Nykaa,Nykaa,2874.07,2026-06-11,Shopping
Metro Card,Metro Card,128.43,2025-10-28,Transport
Zomato,Zomato,587.87,2025-12-19,Food & Dining
IndianOil Petrol,IndianOil Petrol,537.51,2026-01-20,Transport
Nykaa,Nykaa INV-97573,2880.98,2026-04-10,Shopping
Dominos,Dominos REF#32492,739.11,2026-03-05,Food & Dining
Electricity Board,Electricity Board REF#75808,1086.44,2025-12-27,Utilities
BookMyShow,BookMyShow,981.89,2026-06-24,Entertainment
iCloud,iCloud,641.97,2026-06-21,Subscriptions
BSNL Broadband,BSNL Broadband,1319.39,2026-03-29,Utilities
Cafe Coffee Day,Cafe Coffee Day PAYMENT 99681,862.5,2026-06-17,Food & Dining
Metro Card,Metro Card TXN-64368,295.39,2025-10-12,Transport
PVR Cinemas,PVR Cinemas *73279,503.02,2025-10-25,Entertainment
Rapido,Rapido TXN-3780,399.29,2025-10-21,Transport
Playstation Store,Playstation Store,559.64,2025-10-05,Entertainment
Steam,Steam,484.4,2025-09-12,Entertainment
iCloud,iCloud *64187,203.33,2025-12-29,Subscriptions
Indigo Airlines,Indigo Airlines *66089,10994.56,2026-04-11,Travel
Gas Cylinder,Gas Cylinder INV-27701,2618.12,2026-02-10,Utilities
Flipkart,Flipkart,2436.68,2026-02-22,Shopping
Cafe Coffee Day,Cafe Coffee Day PAYMENT 8079,1127.49,2026-05-16,Food & Dining
Indigo Airlines,Indigo Airlines,9150.91,2025-09-05,Travel
Dominos,Dominos INV-10849,707.39,2026-03-02,Food & Dining
Gym Membership,Gym Membership REF#14449,3000.0,2026-06-05,Health
Swiggy,Swiggy TXN-95514,353.39,2025-11-07,Food & Dining
Indigo Airlines,Indigo Airlines ORDER-19657,16877.66,2025-10-02,Travel
Cafe Coffee Day,Cafe Coffee Day INV-45745,291.49,2026-06-12,Food & Dining
BigBasket,BigBasket PAYMENT 36431,1968.62,2025-11-25,Groceries
H&M,H&M ORDER-80326,2186.93,2025-11-22,Shopping
iCloud,iCloud,554.3,2026-06-07,Subscriptions
H&M,H&M ORDER-79883,1232.04,2026-04-28,Shopping
Whole Foods,Whole Foods INV-19882,1625.48,2025-09-09,Groceries
Whole Foods,Whole Foods ORDER-90118,2567.99,2025-11-04,Groceries
Hostel Rent,Hostel Rent PAYMENT 98752,32219.05,2026-03-13,Rent
Whole Foods,Whole Foods,503.81,2026-06-22,Groceries
Whole Foods,Whole Foods ORDER-17074,1551.55,2026-03-10,Groceries
BigBasket,BigBasket INV-4283,1114.1,2026-06-28,Groceries
H&M,H&M INV-69457,1674.73,2026-07-20,Shopping
Airbnb,Airbnb *97981,8750.1,2025-11-25,Travel
Reliance Fresh,Reliance Fresh,1760.64,2026-06-04,Groceries
Swiggy,Swiggy INV-23540,1192.97,2025-08-22,Food & Dining
YouTube Premium,YouTube Premium,336.02,2026-01-17,Subscriptions
Steam,Steam,1781.07,2025-11-14,Entertainment
PVR Cinemas,PVR Cinemas PAYMENT 82065,1712.36,2026-07-31,Entertainment
OYO,OYO,22500.0,2025-08-20,Travel
Whole Foods,Whole Foods,2489.19,2026-06-17,Groceries
MedPlus,MedPlus TXN-91932,1174.42,2026-06-14,Health
Local Bookstore,Local Bookstore INV-49972,466.99,2026-02-11,Stationery
Whole Foods,Whole Foods ORDER-28230,1445.86,2026-07-17,Groceries
BSNL Broadband,BSNL Broadband TXN-91137,1884.72,2026-02-08,Utilities
BookMyShow,BookMyShow,333.34,2025-10-04,Entertainment
Cafe Coffee Day,Cafe Coffee Day,449.0,2026-03-21,Food & Dining
Cafe Coffee Day,Cafe Coffee Day TXN-27888,1327.91,2026-01-20,Food & Dining
Swiggy,Swiggy,661.9,2025-09-23,Food & Dining
Local Bookstore,Local Bookstore,946.72,2025-09-12,Stationery
Swiggy,Swiggy,499.64,2025-12-12,Food & Dining
McDonalds,McDonalds ORDER-58179,526.97,2026-06-29,Food & Dining
Flipkart Stationery,Flipkart Stationery,819.16,2026-03-24,Stationery
Zomato,Zomato REF#69705,658.55,2025-10-19,Food & Dining
Spotify,Spotify REF#34317,1215.51,2026-02-07,Subscriptions
Zomato,Zomato,231.68,2026-08-01,Food & Dining
H&M,H&M,4155.19,2026-01-09,Shopping
Whole Foods,Whole Foods PAYMENT 65162,2279.07,2026-02-17,Groceries
Steam,Steam REF#55568,285.98,2026-04-04,Entertainment
Cafe Coffee Day,Cafe Coffee Day REF#58140,658.25,2025-09-18,Food & Dining
Steam,Steam REF#37461,722.48,2026-02-10,Entertainment
Local Restaurant,Local Restaurant REF#62958,890.3,2025-12-20,Food & Dining
BigBasket,BigBasket,510.54,2025-12-22,Groceries
DMart,DMart,1321.48,2025-09-15,Groceries
Cafe Coffee Day,Cafe Coffee Day,1159.91,2026-03-15,Food & Dining
Rapido,Rapido PAYMENT 21317,50.0,2025-10-01,Transport
Reliance Fresh,Reliance Fresh *12870,1259.6,2025-08-22,Groceries
Flipkart,Flipkart ORDER-19515,4532.02,2026-04-02,Shopping
Apollo Pharmacy,Apollo Pharmacy,2607.98,2025-10-10,Health
More Supermarket,More Supermarket ORDER-53654,1802.13,2026-05-03,Groceries
Local Restaurant,Local Restaurant,721.24,2026-04-09,Food & Dining
WH Smith,WH Smith REF#69659,500.24,2026-01-10,Stationery
Metro Card,Metro Card,201.86,2025-11-26,Transport
Dominos,Dominos,499.9,2025-08-24,Food & Dining
Metro Card,Metro Card INV-46674,474.77,2026-05-13,Transport
Nykaa,Nykaa,1840.68,2026-06-17,Shopping
BigBasket,BigBasket REF#26178,3750.0,2025-08-18,Groceries
BookMyShow,BookMyShow,525.97,2025-11-26,Entertainment
PVR Cinemas,PVR Cinemas REF#57440,870.62,2026-03-29,Entertainment
IndianOil Petrol,IndianOil Petrol ORDER-46399,157.57,2025-10-31,Transport
IndianOil Petrol,IndianOil Petrol,667.62,2025-10-25,Transport
More Supermarket,More Supermarket PAYMENT 54469,1316.08,2025-12-30,Groceries
Dominos,Dominos,959.72,2026-02-01,Food & Dining
BigBasket,BigBasket ORDER-58680,1528.42,2025-10-14,Groceries
Myntra,Myntra,4559.01,2025-10-18,Shopping
Amazon,Amazon TXN-71387,3520.91,2026-06-11,Shopping
IndianOil Petrol,IndianOil Petrol INV-92834,900.0,2026-05-31,Transport
Local Restaurant,Local Restaurant REF#32775,1307.72,2025-08-17,Food & Dining
Nykaa,Nykaa,2302.0,2026-01-25,Shopping
Water Utility,Water Utility *39110,1065.93,2025-09-04,Utilities
Water Utility,Water Utility PAYMENT 79543,1331.74,2026-04-27,Utilities
Uber,Uber,171.51,2025-12-08,Transport
BSNL Broadband,BSNL Broadband,1172.27,2026-08-01,Utilities
Metro Card,Metro Card ORDER-53955,323.54,2026-01-12,Transport
PG Rent,PG Rent,8000.0,2025-10-31,Rent
Reliance Fresh,Reliance Fresh,1251.64,2026-04-18,Groceries
Apollo Pharmacy,Apollo Pharmacy,1006.04,2026-01-28,Health
Flipkart,Flipkart INV-77560,1628.51,2026-05-06,Shopping
BSNL Broadband,BSNL Broadband *58567,822.45,2025-10-13,Utilities
DMart,DMart TXN-56564,3750.0,2025-12-29,Groceries
Monthly Rent,Monthly Rent ORDER-28194,8000.0,2025-10-26,Rent
Rapido,Rapido,564.06,2026-05-19,Transport
Reliance Fresh,Reliance Fresh INV-87309,2417.82,2025-11-05,Groceries
BSNL Broadband,BSNL Broadband,1514.09,2026-07-20,Utilities
